City/Town,Ward,Pct,Clinton/ Kaine,Trump/ Pence,Johnson/ Weld,Stein/ Baraka,Mcmullin/ Johnson,Kotlikoff/ Leamer,Feegbeh/ O'Brien,Moorehead/ Lilly,Schoenke/ Mitchel,All Others,No Preference,Blanks,Total Votes Cast,Clinton Percentage,Trump Percentage,Total,White,Black or African American,American Indian and Alaska Native,Asian,Native Hawaiian and Other Pacific Islander,Some Other Race,Two or More Races,Total.1,White (alone),Black or African American (alone),Hispanic or Latino (alone),American Indian and Alaska Native (alone),Asian (alone),Native Hawaiian and Other Pacific Islander (alone),Some Other Race/Ethnicity (alone),Two or More Races/Ethnicities (alone),Black Percentage,Native American Percentage,Asian Percentage,Native Hawaiian/Pacific Islander Percentage,Other Race Percentage,Two or more races Percentage,Hispanic Percentage,White Percentage
Boston,1,1,755,189,23,20,0,0,0,0,0,18,0,11,1016,74.31102362,18.6023622,1717,1369,55,7,49,4,173,60,1717,1074,38,503,3,45,0,27,27,3.2,0.4,2.9,0.2,10.1,3.5,29.3,79.7
Boston,1,2,562,142,21,12,0,0,0,0,0,7,0,11,755,74.43708609,18.80794702,2071,1520,61,3,42,0,351,94,2071,828,40,1073,2,42,0,53,33,2.9,0.1,2,0,16.9,4.5,51.8,73.4
Boston,1,3,1276,251,45,34,0,0,0,0,0,15,0,15,1636,77.99511002,15.34229829,3179,1989,278,10,228,0,494,180,3179,1275,212,1314,5,227,0,57,89,8.7,0.3,7.2,0,15.5,5.7,41.3,62.6
Boston,1,4,366,88,10,13,0,0,0,0,0,8,0,7,492,74.3902439,17.88617886,1884,1097,57,12,38,1,555,124,1884,512,43,1203,6,37,0,59,24,3,0.6,2,0.1,29.5,6.6,63.9,58.2
Boston,1,5,652,153,28,10,0,0,0,0,0,13,0,11,867,75.20184544,17.64705882,2888,1659,77,22,76,5,896,153,2888,969,47,1664,1,74,0,93,40,2.7,0.8,2.6,0.2,31,5.3,57.6,57.4
Boston,1,6,556,138,19,14,0,0,0,0,0,13,0,6,746,74.5308311,18.49865952,2507,1488,78,16,61,1,749,114,2507,807,59,1479,5,61,0,60,36,3.1,0.6,2.4,0,29.9,4.5,59,59.4
Boston,1,7,604,143,17,13,0,0,0,0,0,18,0,11,806,74.93796526,17.74193548,2388,1407,108,11,72,0,652,138,2388,709,76,1451,6,72,0,43,31,4.5,0.5,3,0,27.3,5.8,60.8,58.9
Boston,1,8,859,187,27,16,0,0,0,0,0,20,0,14,1123,76.49154052,16.65182547,2902,1700,119,18,191,0,723,151,2902,912,76,1669,5,188,0,8,44,4.1,0.6,6.6,0,24.9,5.2,57.5,58.6
Boston,1,9,551,146,25,13,0,0,0,0,0,14,0,12,761,72.40473062,19.18528252,2086,1387,63,8,41,0,496,91,2086,734,44,1216,1,38,0,30,23,3,0.4,2,0,23.8,4.4,58.3,66.5
Boston,1,10,364,105,10,6,0,0,0,0,0,8,0,3,496,73.38709677,21.16935484,1862,1176,43,8,64,1,473,97,1862,552,38,1165,0,62,1,38,6,2.3,0.4,3.4,0.1,25.4,5.2,62.6,63.2
Boston,1,11,644,345,26,12,0,0,0,0,0,19,0,12,1058,60.86956522,32.60869565,2722,2141,79,13,87,2,337,63,2722,1610,57,923,0,87,1,19,25,2.9,0.5,3.2,0.1,12.4,2.3,33.9,78.7
Boston,1,12,582,364,37,12,0,0,0,0,0,10,0,16,1021,57.0029383,35.65132223,1833,1516,33,10,49,0,175,50,1833,1231,26,476,8,49,0,24,19,1.8,0.5,2.7,0,9.5,2.7,26,82.7
Boston,1,13,927,361,27,17,0,0,0,0,0,16,0,19,1367,67.8127286,26.40819312,2624,1792,226,10,99,0,392,105,2624,1192,178,1099,5,95,0,28,27,8.6,0.4,3.8,0,14.9,4,41.9,68.3
Boston,1,14,425,219,16,4,0,0,0,0,0,7,0,7,678,62.68436578,32.30088496,820,717,21,1,37,1,29,14,820,613,16,145,0,36,1,1,8,2.6,0.1,4.5,0.1,3.5,1.7,17.7,87.4
Boston,1,15,1,0,0,0,0,0,0,0,0,0,0,0,1,100,0,530,208,217,2,7,1,78,17,530,165,204,130,2,7,1,13,8,40.9,0.4,1.3,0.2,14.7,3.2,24.5,39.2
Boston,2,1,1164,384,93,11,0,0,0,0,0,34,0,23,1709,68.11000585,22.46928028,1690,1606,11,0,51,1,15,6,1690,1586,9,36,0,51,1,1,6,0.7,0,3,0.1,0.9,0.4,2.1,95
Boston,2,2,1530,378,61,25,0,0,0,0,0,43,0,30,2067,74.0203193,18.287373,3716,2422,367,11,602,7,220,87,3716,2182,309,540,5,601,7,22,50,9.9,0.3,16.2,0.2,5.9,2.3,14.5,65.2
Boston,2,3,876,211,53,12,0,0,0,0,0,31,0,17,1200,73,17.58333333,1652,1594,7,3,24,0,6,18,1652,1576,7,27,3,23,0,1,15,0.4,0.2,1.5,0,0.4,1.1,1.6,96.5
Boston,2,4,821,187,43,9,0,0,0,0,0,23,0,35,1118,73.43470483,16.72629696,1457,1040,132,5,146,0,90,44,1457,966,100,230,0,145,0,3,13,9.1,0.3,10,0,6.2,3,15.8,71.4
Boston,2,5,875,280,61,5,0,0,0,0,0,33,0,22,1276,68.57366771,21.94357367,1602,1561,6,0,22,1,3,9,1602,1548,6,18,0,21,0,1,8,0.4,0,1.4,0.1,0.2,0.6,1.1,97.4
Boston,2,6,1028,381,71,14,0,0,0,0,0,36,0,29,1559,65.93970494,24.43874278,2278,2014,40,3,161,1,29,30,2278,1968,34,94,2,160,1,1,18,1.8,0.1,7.1,0,1.3,1.3,4.1,88.4
Boston,2,7,779,290,51,11,0,0,0,0,0,28,0,17,1176,66.2414966,24.65986395,1359,1256,26,0,63,0,5,9,1359,1230,25,28,0,63,0,4,9,1.9,0,4.6,0,0.4,0.7,2.1,92.4
Boston,3,1,1165,434,89,15,0,0,0,0,0,42,0,13,1758,66.26848692,24.68714448,3998,3619,129,8,137,0,50,55,3998,3522,125,156,6,136,0,7,46,3.2,0.2,3.4,0,1.3,1.4,3.9,90.5
Boston,3,2,856,298,54,7,0,0,0,0,0,31,0,17,1263,67.77513856,23.59461599,1866,1771,20,1,44,1,20,9,1866,1719,16,71,1,43,1,6,9,1.1,0.1,2.4,0.1,1.1,0.5,3.8,94.9
Boston,3,3,916,329,67,18,2,0,0,0,0,27,0,12,1371,66.81254559,23.99708242,2362,2234,13,6,68,0,19,22,2362,2177,12,74,5,67,0,6,21,0.6,0.3,2.9,0,0.8,0.9,3.1,94.6
Boston,3,4,931,361,64,16,7,0,0,0,0,28,0,15,1422,65.47116737,25.38677918,1910,1823,14,6,37,2,9,19,1910,1766,14,69,5,37,2,4,13,0.7,0.3,1.9,0.1,0.5,1,3.6,95.4
Boston,3,5,1684,386,76,24,4,0,0,0,0,32,0,23,2229,75.5495738,17.31718259,4660,3353,541,4,640,0,49,73,4660,3006,536,404,4,637,0,9,64,11.6,0.1,13.7,0,1.1,1.6,8.7,72
Boston,3,6,2121,536,131,23,1,0,0,0,0,69,0,23,2904,73.03719008,18.45730028,5373,4484,246,11,455,3,79,95,5373,4291,226,284,10,454,3,18,87,4.6,0.2,8.5,0.1,1.5,1.8,5.3,83.5
Boston,3,7,2451,223,83,17,0,0,0,0,0,41,0,21,2836,86.42454161,7.863187588,3951,2911,233,10,629,0,96,72,3951,2788,210,262,7,627,0,9,48,5.9,0.3,15.9,0,2.4,1.8,6.6,73.7
Boston,3,8,2941,433,115,35,0,0,0,0,0,63,0,34,3621,81.22065728,11.95802265,7821,3585,377,4,3598,4,103,150,7821,3347,351,386,4,3594,3,15,121,4.8,0.1,46,0.1,1.3,1.9,4.9,45.8
Boston,4,1,1283,121,51,15,1,0,0,0,0,22,0,9,1502,85.41944075,8.055925433,2011,1736,70,4,129,0,35,37,2011,1667,64,102,4,129,0,18,27,3.5,0.2,6.4,0,1.7,1.8,5.1,86.3
Boston,4,2,1731,324,76,24,0,0,0,0,0,41,0,32,2228,77.6929982,14.54219031,3532,2541,390,8,468,0,54,71,3532,2397,375,212,7,466,0,11,64,11,0.2,13.3,0,1.5,2,6,71.9
Boston,4,3,858,73,48,10,0,0,0,0,0,27,0,7,1023,83.87096774,7.135874878,1337,985,211,2,81,0,27,31,1337,938,200,93,2,81,0,2,21,15.8,0.1,6.1,0,2,2.3,7,73.7
Boston,4,4,1214,82,48,9,0,0,0,0,0,18,0,15,1386,87.59018759,5.916305916,2256,1625,358,5,143,1,54,70,2256,1520,337,199,3,143,1,8,45,15.9,0.2,6.3,0,2.4,3.1,8.8,72
Boston,4,5,901,114,35,17,0,0,0,0,0,20,0,8,1095,82.28310502,10.4109589,2953,2098,294,5,448,1,47,60,2953,1947,282,215,5,445,1,7,51,10,0.2,15.2,0,1.6,2,7.3,71
Boston,4,6,741,98,37,10,0,0,0,0,0,18,0,7,911,81.33918771,10.75740944,2498,1639,235,9,437,0,84,94,2498,1494,222,264,8,437,0,14,59,9.4,0.4,17.5,0,3.4,3.8,10.6,65.6
Boston,4,7,819,76,22,20,0,0,0,0,0,16,0,6,959,85.40145985,7.924921794,4109,2808,291,10,745,2,114,139,4109,2631,276,329,6,742,2,12,111,7.1,0.2,18.1,0,2.8,3.4,8,68.3
Boston,4,8,795,113,29,26,0,0,0,0,0,11,0,4,978,81.28834356,11.55419223,4521,3301,284,8,701,2,111,114,4521,3106,266,331,6,696,1,20,95,6.3,0.2,15.5,0,2.5,2.5,7.3,73
Boston,4,9,689,24,22,22,0,0,0,0,0,8,0,5,770,89.48051948,3.116883117,4347,3085,411,13,450,3,223,162,4347,2822,368,573,6,447,3,9,119,9.5,0.3,10.4,0.1,5.1,3.7,13.2,71
Boston,4,10,390,45,10,7,0,0,0,0,0,9,0,4,465,83.87096774,9.677419355,5545,4247,359,6,601,5,155,172,5545,4098,328,350,3,592,4,19,151,6.5,0.1,10.8,0.1,2.8,3.1,6.3,76.6
Boston,5,1,2512,301,89,37,2,0,0,0,0,58,0,57,3056,82.19895288,9.84947644,6467,4012,300,8,1921,1,103,122,6467,3858,277,288,7,1920,1,18,98,4.6,0.1,29.7,0,1.6,1.9,4.5,62
Boston,5,2,1389,153,53,28,0,0,0,0,0,25,0,19,1667,83.32333533,9.178164367,4207,3131,194,8,606,2,130,136,4207,2904,178,401,5,601,2,11,105,4.6,0.2,14.4,0,3.1,3.2,9.5,74.4
Boston,5,3,1077,191,59,9,0,0,0,0,0,44,0,15,1395,77.20430108,13.69175627,1873,1744,20,0,92,0,8,9,1873,1695,17,58,0,92,0,3,8,1.1,0,4.9,0,0.4,0.5,3.1,93.1
Boston,5,4,1371,174,75,7,0,0,0,0,0,48,0,9,1684,81.41330166,10.33254157,2702,2405,70,2,153,1,29,42,2702,2324,68,106,2,152,1,12,37,2.6,0.1,5.7,0,1.1,1.6,3.9,89
Boston,5,5,449,87,23,4,3,0,0,0,0,13,0,14,593,75.71669477,14.67116358,677,636,4,1,21,0,1,14,677,624,4,17,1,21,0,1,9,0.6,0.1,3.1,0,0.1,2.1,2.5,93.9
Boston,5,6,1020,227,53,14,0,0,0,0,0,46,0,20,1380,73.91304348,16.44927536,2212,1965,77,3,114,0,21,32,2212,1896,65,104,3,114,0,4,26,3.5,0.1,5.2,0,0.9,1.4,4.7,88.8
Boston,5,7,1296,268,76,27,0,0,0,0,0,40,0,15,1722,75.26132404,15.56329849,2626,2323,54,2,175,1,26,45,2626,2231,50,126,2,175,1,3,38,2.1,0.1,6.7,0,1,1.7,4.8,88.5
Boston,5,8,1136,209,71,17,2,0,0,0,0,38,0,21,1494,76.03748327,13.9892905,2585,2200,65,1,214,0,34,71,2585,2108,63,125,1,212,0,15,61,2.5,0,8.3,0,1.3,2.7,4.8,85.1
Boston,5,9,1572,243,94,21,5,0,0,0,0,48,0,28,2011,78.17006464,12.08354053,4112,3372,89,3,513,0,53,82,4112,3174,84,262,3,506,0,13,70,2.2,0.1,12.5,0,1.3,2,6.4,82
Boston,5,10,1025,175,30,21,0,0,0,0,0,35,0,14,1300,78.84615385,13.46153846,6184,4078,207,15,1529,0,110,245,6184,3749,197,478,12,1517,0,21,210,3.3,0.2,24.7,0,1.8,4,7.7,65.9
Boston,5,11,723,120,33,8,1,0,0,0,0,16,0,10,911,79.36333699,13.17233809,1322,1222,11,0,68,0,7,14,1322,1179,11,51,0,67,0,2,12,0.8,0,5.1,0,0.5,1.1,3.9,92.4
Boston,6,1,2669,668,131,21,1,0,0,0,0,66,0,37,3593,74.28332869,18.5917061,4089,3123,260,7,332,2,253,112,4089,2899,190,582,4,330,2,16,66,6.4,0.2,8.1,0,6.2,2.7,14.2,76.4
Boston,6,2,706,203,40,9,0,0,0,0,0,22,0,9,989,71.38523761,20.52578362,1387,1089,85,1,102,0,90,20,1387,1055,66,143,1,97,0,11,14,6.1,0.1,7.4,0,6.5,1.4,10.3,78.5
Boston,6,3,950,330,63,8,0,0,0,0,0,35,0,14,1400,67.85714286,23.57142857,1848,1711,22,10,78,1,8,18,1848,1686,19,38,7,78,1,3,16,1.2,0.5,4.2,0.1,0.4,1,2.1,92.6
Boston,6,4,880,358,70,17,0,0,0,0,0,35,0,25,1385,63.53790614,25.84837545,1801,1666,14,4,77,0,12,28,1801,1646,14,40,2,77,0,2,20,0.8,0.2,4.3,0,0.7,1.6,2.2,92.5
Boston,6,5,805,360,59,16,0,0,0,0,0,40,0,16,1296,62.11419753,27.77777778,1678,1617,8,2,31,1,11,8,1678,1598,7,28,1,31,1,5,7,0.5,0.1,1.8,0.1,0.7,0.5,1.7,96.4
Boston,6,6,683,367,57,12,0,0,0,0,0,33,0,23,1175,58.12765957,31.23404255,1503,1459,14,1,13,0,6,10,1503,1453,12,12,1,13,0,4,8,0.9,0.1,0.9,0,0.4,0.7,0.8,97.1
Boston,6,7,742,411,66,7,0,0,0,0,0,26,0,25,1277,58.10493344,32.18480814,1526,1491,7,1,12,2,3,10,1526,1477,7,20,1,12,1,0,8,0.5,0.1,0.8,0.1,0.2,0.7,1.3,97.7
Boston,6,8,693,370,64,8,0,0,0,0,0,28,0,18,1181,58.67908552,31.32938188,1545,1518,3,1,10,0,3,10,1545,1512,3,10,1,9,0,0,10,0.2,0.1,0.6,0,0.2,0.6,0.6,98.3
Boston,6,9,588,439,43,5,4,0,0,0,0,18,0,18,1115,52.73542601,39.37219731,1572,1543,17,2,1,0,4,5,1572,1530,15,18,2,1,0,1,5,1.1,0.1,0.1,0,0.3,0.3,1.1,98.2
Boston,7,1,605,367,42,8,2,0,0,0,0,25,0,16,1065,56.80751174,34.4600939,1363,1343,2,0,12,0,3,3,1363,1334,2,12,0,12,0,0,3,0.1,0,0.9,0,0.2,0.2,0.9,98.5
Boston,7,2,799,429,64,13,5,0,0,0,0,26,0,16,1352,59.09763314,31.73076923,1769,1733,9,0,16,1,1,9,1769,1719,9,15,0,16,1,0,9,0.5,0,0.9,0.1,0.1,0.5,0.8,98
Boston,7,3,886,475,69,8,0,0,0,0,0,37,0,21,1496,59.22459893,31.7513369,2133,2048,15,2,32,0,18,18,2133,2019,15,48,2,31,0,2,16,0.7,0.1,1.5,0,0.8,0.8,2.3,96
Boston,7,4,826,333,50,16,0,0,0,0,0,22,0,14,1261,65.5035686,26.40761301,1829,1576,69,2,75,0,64,43,1829,1540,57,115,2,75,0,20,20,3.8,0.1,4.1,0,3.5,2.4,6.3,86.2
Boston,7,5,749,231,56,16,0,0,0,0,0,18,0,11,1081,69.28769658,21.36910268,1905,1407,177,5,157,2,107,50,1905,1338,138,229,3,154,2,17,24,9.3,0.3,8.2,0.1,5.6,2.6,12,73.9
Boston,7,6,696,202,21,8,0,0,0,0,0,21,0,11,959,72.57559958,21.06360792,1586,1074,160,5,152,1,145,49,1586,992,130,289,1,150,1,6,17,10.1,0.3,9.6,0.1,9.1,3.1,18.2,67.7
Boston,7,7,580,98,7,12,0,0,0,0,0,11,0,4,712,81.46067416,13.76404494,1496,572,404,14,224,3,200,79,1496,363,312,561,6,224,2,5,23,27,0.9,15,0.2,13.4,5.3,37.5,38.2
Boston,7,8,632,167,29,13,0,0,0,0,0,14,0,8,863,73.23290846,19.35110081,1487,1173,97,3,137,0,59,18,1487,1132,94,99,3,137,0,6,16,6.5,0.2,9.2,0,4,1.2,6.7,78.9
Boston,7,9,618,187,25,15,0,0,0,0,0,18,0,10,873,70.79037801,21.42038946,1551,993,159,11,221,1,128,38,1551,937,147,150,7,221,1,60,28,10.3,0.7,14.2,0.1,8.3,2.5,9.7,64
Boston,7,10,835,48,12,12,0,0,0,0,0,7,0,2,916,91.15720524,5.240174672,1847,325,584,6,47,2,686,197,1847,206,540,377,3,46,1,504,170,31.6,0.3,2.5,0.1,37.1,10.7,20.4,17.6
Boston,8,1,706,57,12,8,0,0,0,0,0,5,0,3,791,89.25410872,7.206068268,1484,598,376,3,176,4,265,62,1484,436,334,489,3,176,4,13,29,25.3,0.2,11.9,0.3,17.9,4.2,33,40.3
Boston,8,2,1396,136,23,23,0,0,0,0,0,22,0,12,1612,86.60049628,8.436724566,4588,2484,1212,19,598,1,189,85,4588,1889,1174,819,14,597,1,33,61,26.4,0.4,13,0,4.1,1.9,17.9,54.1
Boston,8,3,724,26,11,8,0,0,0,0,0,6,0,6,781,92.70166453,3.329065301,1269,266,715,10,52,0,169,57,1269,180,658,325,6,51,0,21,28,56.3,0.8,4.1,0,13.3,4.5,25.6,21
Boston,8,4,404,9,1,4,0,0,0,0,0,5,0,4,427,94.61358314,2.107728337,664,75,392,5,11,0,142,39,664,21,352,239,5,11,0,19,17,59,0.8,1.7,0,21.4,5.9,36,11.3
Boston,8,5,760,35,6,10,0,0,0,0,0,8,0,2,821,92.57003654,4.263093788,1638,124,659,8,40,4,613,190,1638,59,610,290,4,38,3,477,157,40.2,0.5,2.4,0.2,37.4,11.6,17.7,7.6
Boston,8,6,271,27,7,2,0,0,0,0,0,3,0,4,314,86.30573248,8.598726115,681,144,214,0,10,0,256,57,681,105,186,115,0,10,0,215,50,31.4,0,1.5,0,37.6,8.4,16.9,21.1
Boston,8,7,541,27,4,4,0,0,0,0,0,5,0,7,588,92.00680272,4.591836735,1084,183,635,11,10,0,156,89,1084,71,580,326,5,10,0,38,54,58.6,1,0.9,0,14.4,8.2,30.1,16.9
Boston,9,1,1158,97,24,14,0,0,0,0,0,12,0,14,1319,87.79378317,7.354056103,2092,1030,302,11,436,1,248,64,2092,748,247,633,3,435,0,4,22,14.4,0.5,20.8,0,11.9,3.1,30.3,49.2
Boston,9,2,1129,94,33,15,0,0,0,0,0,26,0,12,1309,86.24904507,7.18105424,2267,1548,353,4,209,0,93,60,2267,1426,334,249,2,209,0,4,43,15.6,0.2,9.2,0,4.1,2.6,11,68.3
Boston,9,3,1914,69,29,17,0,0,0,0,0,15,0,15,2059,92.95774648,3.351141331,3652,1396,1415,13,204,3,428,193,3652,1069,1228,1041,8,203,1,18,84,38.7,0.4,5.6,0.1,11.7,5.3,28.5,38.2
Boston,9,4,1177,57,18,15,0,0,0,0,0,6,0,10,1283,91.7381138,4.442712393,4580,2516,1102,31,402,0,354,175,4580,2235,981,834,16,401,0,23,90,24.1,0.7,8.8,0,7.7,3.8,18.2,54.9
Boston,9,5,1330,34,11,17,0,0,0,0,0,13,0,10,1415,93.99293286,2.402826855,2282,357,1491,29,51,0,211,143,2282,226,1380,507,14,50,0,22,83,65.3,1.3,2.2,0,9.2,6.3,22.2,15.6
Boston,10,1,616,37,8,8,0,0,0,0,0,7,0,6,682,90.32258065,5.425219941,888,264,261,11,138,0,172,42,888,159,232,333,9,138,0,0,17,29.4,1.2,15.5,0,19.4,4.7,37.5,29.7
Boston,10,2,557,55,12,14,6,0,0,0,0,13,0,4,661,84.26626324,8.320726172,2579,1462,331,9,581,1,126,69,2579,1354,290,298,4,581,1,9,42,12.8,0.3,22.5,0,4.9,2.7,11.6,56.7
Boston,10,3,553,58,19,14,0,0,0,0,0,8,0,11,663,83.40874811,8.74811463,2020,1403,193,12,256,3,83,70,2020,1306,166,228,6,256,3,5,50,9.6,0.6,12.7,0.1,4.1,3.5,11.3,69.5
Boston,10,4,977,154,21,19,0,0,0,1,0,8,0,10,1190,82.10084034,12.94117647,2606,1298,421,19,561,3,209,95,2606,1128,367,477,13,556,3,5,57,16.2,0.7,21.5,0.1,8,3.6,18.3,49.8
Boston,10,5,678,77,31,37,0,0,0,0,0,27,0,7,857,79.11318553,8.984830805,2078,1539,228,7,135,0,97,72,2078,1448,208,225,3,135,0,8,51,11,0.3,6.5,0,4.7,3.5,10.8,74.1
Boston,10,6,761,44,22,23,0,0,0,0,0,16,0,4,870,87.47126437,5.057471264,1706,606,564,12,133,0,285,106,1706,386,472,665,1,130,0,6,46,33.1,0.7,7.8,0,16.7,6.2,39,35.5
Boston,10,7,1082,34,11,14,0,0,0,0,0,8,0,7,1156,93.59861592,2.941176471,1809,582,580,26,43,0,435,143,1809,234,457,1030,5,42,0,14,27,32.1,1.4,2.4,0,24,7.9,56.9,32.2
Boston,10,8,1021,67,30,28,0,0,0,0,0,12,0,10,1168,87.41438356,5.73630137,2779,1583,582,4,394,2,122,92,2779,1407,538,385,4,390,1,7,47,20.9,0.1,14.2,0.1,4.4,3.3,13.9,57
Boston,10,9,1432,78,32,42,0,0,0,0,0,21,0,12,1617,88.55905999,4.823747681,2265,1646,182,13,145,0,206,73,2265,1417,141,520,1,145,0,11,30,8,0.6,6.4,0,9.1,3.2,23,72.7
Boston,11,1,560,19,12,19,0,0,0,0,0,6,0,11,627,89.31419458,3.03030303,912,357,429,3,31,0,58,34,912,307,392,150,3,31,0,6,23,47,0.3,3.4,0,6.4,3.7,16.4,39.1
Boston,11,2,1000,25,14,17,0,0,0,0,0,10,0,7,1073,93.19664492,2.329916123,1651,230,1090,25,21,2,196,87,1651,113,1016,442,8,21,2,11,38,66,1.5,1.3,0.1,11.9,5.3,26.8,13.9
Boston,11,3,768,27,8,5,0,0,0,0,0,4,0,8,820,93.65853659,3.292682927,1385,196,891,9,13,1,195,80,1385,90,786,445,6,13,1,12,32,64.3,0.6,0.9,0.1,14.1,5.8,32.1,14.2
Boston,11,4,1247,49,22,31,0,0,0,0,0,17,0,9,1375,90.69090909,3.563636364,2245,736,813,37,44,0,457,158,2245,406,709,1027,12,41,0,10,40,36.2,1.6,2,0,20.4,7,45.7,32.8
Boston,11,5,1000,48,12,23,0,0,0,0,0,9,0,7,1099,90.99181074,4.367606915,1825,711,596,15,26,0,377,100,1825,440,505,803,7,26,0,11,33,32.7,0.8,1.4,0,20.7,5.5,44,39
Boston,11,6,845,43,16,38,0,0,0,0,0,9,0,9,960,88.02083333,4.479166667,1257,777,176,3,62,0,163,76,1257,646,127,399,1,61,0,7,16,14,0.2,4.9,0,13,6,31.7,61.8
Boston,11,7,1113,49,14,33,0,0,0,0,0,11,0,9,1229,90.56143206,3.986981286,1955,1096,464,12,51,0,255,77,1955,938,424,487,3,51,0,10,42,23.7,0.6,2.6,0,13,3.9,24.9,56.1
Boston,11,8,1123,58,19,30,6,0,0,0,0,8,0,5,1249,89.91192954,4.643714972,1733,1185,223,10,153,1,106,55,1733,1081,196,253,3,153,1,13,33,12.9,0.6,8.8,0.1,6.1,3.2,14.6,68.4
Boston,11,9,762,45,11,16,0,0,0,0,0,12,0,19,865,88.09248555,5.202312139,997,844,63,1,41,0,23,25,997,790,48,99,0,40,0,3,17,6.3,0.1,4.1,0,2.3,2.5,9.9,84.7
Boston,11,10,956,27,15,31,0,0,0,0,0,10,0,8,1047,91.30850048,2.578796562,1462,1096,145,2,69,0,110,40,1462,998,122,238,1,68,0,13,22,9.9,0.1,4.7,0,7.5,2.7,16.3,75
Boston,12,1,1049,37,9,26,0,0,0,0,0,14,0,6,1141,91.93689746,3.2427695,1812,137,1380,11,33,0,166,85,1812,74,1328,307,10,32,0,12,49,76.2,0.6,1.8,0,9.2,4.7,16.9,7.6
Boston,12,2,1126,26,10,16,0,0,0,0,0,11,0,22,1211,92.98100743,2.146985962,2361,171,1767,17,17,1,288,100,2361,39,1664,529,9,17,1,45,57,74.8,0.7,0.7,0,12.2,4.2,22.4,7.2
Boston,12,3,599,18,7,18,0,0,0,0,0,7,0,10,659,90.8952959,2.731411229,794,55,604,4,24,1,75,31,794,20,564,151,1,24,1,11,22,76.1,0.5,3,0.1,9.4,3.9,19,6.9
Boston,12,4,658,29,7,17,0,0,0,0,0,4,0,6,721,91.26213592,4.022191401,1235,100,884,6,3,2,178,62,1235,47,826,274,5,3,2,30,48,71.6,0.5,0.2,0.2,14.4,5,22.2,8.1
Boston,12,5,470,10,2,4,0,0,0,0,0,2,0,1,489,96.11451943,2.044989775,860,48,684,10,2,0,86,30,860,15,655,151,6,1,0,12,20,79.5,1.2,0.2,0,10,3.5,17.6,5.6
Boston,12,6,544,22,3,7,0,0,0,0,0,4,0,7,587,92.6746167,3.747870528,858,41,693,6,9,0,65,44,858,21,659,134,5,9,0,10,20,80.8,0.7,1,0,7.6,5.1,15.6,4.8
Boston,12,7,1491,42,8,18,0,0,0,0,0,7,0,15,1581,94.30740038,2.65654649,3079,386,2016,22,19,0,507,129,3079,186,1876,914,15,18,0,12,58,65.5,0.7,0.6,0,16.5,4.2,29.7,12.5
Boston,12,8,457,16,3,3,0,0,0,0,0,6,0,6,491,93.07535642,3.258655804,950,82,668,8,3,0,146,43,950,33,630,244,8,3,0,10,22,70.3,0.8,0.3,0,15.4,4.5,25.7,8.6
Boston,12,9,620,20,3,15,0,0,0,0,0,5,0,1,664,93.37349398,3.012048193,1116,95,802,7,15,1,134,62,1116,23,764,268,4,15,1,9,32,71.9,0.6,1.3,0.1,12,5.6,24,8.5
Boston,13,1,876,33,7,11,0,0,0,0,0,7,0,8,942,92.99363057,3.503184713,1573,134,955,11,12,0,345,116,1573,41,851,458,8,11,0,130,74,60.7,0.7,0.8,0,21.9,7.4,29.1,8.5
Boston,13,2,329,12,2,4,0,0,0,0,0,3,0,6,356,92.41573034,3.370786517,673,82,389,19,10,1,114,58,673,14,351,232,2,8,0,28,38,57.8,2.8,1.5,0.1,16.9,8.6,34.5,12.2
Boston,13,3,679,69,24,15,0,0,0,0,0,18,0,8,813,83.51783518,8.487084871,3145,1502,573,16,681,5,279,89,3145,1293,515,547,7,681,5,41,56,18.2,0.5,21.7,0.2,8.9,2.8,17.4,47.8
Boston,13,4,610,26,2,13,0,0,0,0,0,4,0,3,658,92.70516717,3.951367781,1261,188,717,8,10,0,238,100,1261,82,668,370,5,10,0,62,64,56.9,0.6,0.8,0,18.9,7.9,29.3,14.9
Boston,13,5,611,39,7,12,0,0,0,0,0,10,0,7,686,89.06705539,5.685131195,1352,334,529,5,11,2,346,125,1352,263,483,284,1,11,2,206,102,39.1,0.4,0.8,0.1,25.6,9.2,21,24.7
Boston,13,6,801,75,18,8,0,0,0,0,0,16,0,3,921,86.97068404,8.143322476,1615,587,458,7,125,3,334,101,1615,517,420,272,4,125,3,196,78,28.4,0.4,7.7,0.2,20.7,6.3,16.8,36.3
Boston,13,7,758,182,36,30,0,0,0,0,0,11,0,10,1027,73.80720545,17.72151899,1775,1010,199,1,431,0,79,55,1775,956,189,131,1,431,0,19,48,11.2,0.1,24.3,0,4.5,3.1,7.4,56.9
Boston,13,8,681,143,25,12,0,0,0,0,0,9,0,18,888,76.68918919,16.1036036,1511,770,187,3,368,4,113,66,1511,719,172,146,3,366,0,49,56,12.4,0.2,24.4,0.3,7.5,4.4,9.7,51
Boston,13,9,799,103,25,13,0,0,0,0,0,18,0,4,962,83.05613306,10.70686071,1683,742,249,7,429,5,185,66,1683,692,228,170,6,428,0,103,56,14.8,0.4,25.5,0.3,11,3.9,10.1,44.1
Boston,13,10,913,303,39,34,2,0,0,0,0,20,0,22,1333,68.49212303,22.73068267,1946,1510,122,0,218,2,46,48,1946,1466,116,95,0,218,2,10,39,6.3,0,11.2,0.1,2.4,2.5,4.9,77.6
Boston,14,1,1377,50,6,19,0,0,0,0,0,9,0,21,1482,92.91497976,3.373819163,2866,279,1824,19,37,5,557,145,2866,48,1688,920,9,35,1,93,72,63.6,0.7,1.3,0.2,19.4,5.1,32.1,9.7
Boston,14,2,1517,41,12,16,0,0,0,0,0,11,0,16,1613,94.0483571,2.541847489,2695,142,2164,17,10,0,235,127,2695,42,2041,450,11,10,0,62,79,80.3,0.6,0.4,0,8.7,4.7,16.7,5.3
Boston,14,3,762,9,3,6,0,0,0,0,0,4,0,4,788,96.70050761,1.14213198,1549,75,1077,23,18,1,277,78,1549,20,987,459,17,18,1,11,36,69.5,1.5,1.2,0.1,17.9,5,29.6,4.8
Boston,14,4,850,30,7,14,0,0,0,0,0,7,0,5,913,93.09967141,3.285870756,1654,124,1230,10,15,0,203,72,1654,49,1146,353,8,15,0,39,44,74.4,0.6,0.9,0,12.3,4.4,21.3,7.5
Boston,14,5,642,12,4,6,0,0,0,0,0,4,0,1,669,95.96412556,1.793721973,1439,36,1278,5,11,1,70,38,1439,9,1231,155,2,11,1,2,28,88.8,0.3,0.8,0.1,4.9,2.6,10.8,2.5
Boston,14,6,674,24,6,7,0,0,0,0,0,8,0,6,725,92.96551724,3.310344828,1174,75,947,4,6,1,89,52,1174,41,878,211,2,6,0,11,25,80.7,0.3,0.5,0.1,7.6,4.4,18,6.4
Boston,14,7,696,19,4,6,0,0,0,0,0,5,0,7,737,94.43690638,2.578018996,1388,94,1085,7,10,0,126,66,1388,20,1016,286,7,7,0,11,41,78.2,0.5,0.7,0,9.1,4.8,20.6,6.8
Boston,14,8,759,20,2,13,0,0,0,0,0,4,0,9,807,94.05204461,2.478314746,1494,147,1206,2,12,1,84,42,1494,93,1162,190,2,11,0,5,31,80.7,0.1,0.8,0.1,5.6,2.8,12.7,9.8
Boston,14,9,775,22,7,9,0,0,0,0,0,7,0,6,826,93.82566586,2.663438257,1384,102,931,12,17,0,242,80,1384,13,844,459,5,17,0,19,27,67.3,0.9,1.2,0,17.5,5.8,33.2,7.4
Boston,14,10,805,13,5,3,0,0,0,0,0,6,0,5,837,96.17682198,1.553166069,1937,205,1254,12,17,3,350,96,1937,26,1131,661,9,16,3,36,55,64.7,0.6,0.9,0.2,18.1,5,34.1,10.6
Boston,14,11,686,30,3,4,0,0,0,0,0,10,0,5,738,92.95392954,4.06504065,1307,42,1065,3,10,0,121,66,1307,20,992,224,2,10,0,20,39,81.5,0.2,0.8,0,9.3,5,17.1,3.2
Boston,14,12,484,11,2,3,0,0,0,0,0,3,0,3,506,95.65217391,2.173913043,809,28,680,1,9,0,74,17,809,3,646,121,1,9,0,25,4,84.1,0.1,1.1,0,9.1,2.1,15,3.5
Boston,14,13,664,16,6,11,0,0,0,0,0,3,0,9,709,93.65303244,2.256699577,1206,38,1024,6,11,0,73,54,1206,18,973,149,1,11,0,17,37,84.9,0.5,0.9,0,6.1,4.5,12.4,3.2
Boston,14,14,757,16,2,6,0,0,0,0,0,7,0,10,798,94.86215539,2.005012531,1350,10,1203,3,5,0,86,43,1350,5,1127,179,2,5,0,3,29,89.1,0.2,0.4,0,6.4,3.2,13.3,0.7
Boston,15,1,887,31,6,7,0,0,0,0,0,3,0,14,948,93.56540084,3.270042194,1938,266,969,9,44,0,507,143,1938,130,874,554,7,44,0,223,106,50,0.5,2.3,0,26.2,7.4,28.6,13.7
Boston,15,2,612,8,3,9,0,0,0,0,0,4,0,7,643,95.17884914,1.244167963,1270,74,787,5,8,0,297,99,1270,34,749,206,3,8,0,176,94,62,0.4,0.6,0,23.4,7.8,16.2,5.8
Boston,15,3,395,16,3,3,1,0,0,0,0,4,0,1,423,93.38061466,3.78250591,875,75,418,3,31,0,260,88,875,56,383,164,3,28,0,163,78,47.8,0.3,3.5,0,29.7,10.1,18.7,8.6
Boston,15,4,1069,90,14,21,0,0,0,0,0,13,0,10,1217,87.83894823,7.395234182,2477,366,912,2,389,1,562,245,2477,262,855,397,2,389,0,366,206,36.8,0.1,15.7,0,22.7,9.9,16,14.8
Boston,15,5,781,29,6,12,0,0,0,0,0,11,0,3,842,92.75534442,3.444180523,1661,214,964,13,92,0,261,117,1661,72,878,422,7,92,0,115,75,58,0.8,5.5,0,15.7,7,25.4,12.9
Boston,15,6,373,101,11,4,0,0,0,0,0,7,0,6,502,74.30278884,20.11952191,1038,329,154,1,459,0,57,38,1038,313,144,75,1,459,0,11,35,14.8,0.1,44.2,0,5.5,3.7,7.2,31.7
Boston,15,7,638,22,6,14,0,0,0,0,0,4,0,10,694,91.93083573,3.170028818,1305,165,660,3,22,0,329,126,1305,126,608,222,1,21,0,228,99,50.6,0.2,1.7,0,25.2,9.7,17,12.6
Boston,15,8,490,77,8,11,0,0,0,0,0,11,0,7,604,81.12582781,12.74834437,1319,208,562,6,302,2,169,70,1319,133,531,236,6,300,2,56,55,42.6,0.5,22.9,0.2,12.8,5.3,17.9,15.8
Boston,15,9,616,81,11,8,2,0,0,0,0,2,0,14,734,83.92370572,11.03542234,1362,266,472,5,353,1,200,65,1362,239,457,181,3,351,0,90,41,34.7,0.4,25.9,0.1,14.7,4.8,13.3,19.5
Boston,16,1,569,102,10,8,1,0,0,0,0,6,0,9,705,80.70921986,14.46808511,1581,388,444,5,566,0,125,53,1581,327,419,192,4,561,0,35,43,28.1,0.3,35.8,0,7.9,3.4,12.1,24.5
Boston,16,2,457,157,19,6,0,0,0,0,0,7,0,5,651,70.19969278,24.11674347,961,580,123,2,187,0,49,20,961,546,115,76,1,187,0,24,12,12.8,0.2,19.5,0,5.1,2.1,7.9,60.4
Boston,16,3,869,106,14,10,0,0,0,0,0,13,0,12,1024,84.86328125,10.3515625,1745,341,736,5,475,0,109,79,1745,313,709,122,2,475,0,58,66,42.2,0.3,27.2,0,6.2,4.5,7,19.5
Boston,16,4,696,111,19,19,0,0,0,0,0,5,0,10,860,80.93023256,12.90697674,2177,685,688,9,481,0,211,103,2177,624,657,210,5,477,0,120,84,31.6,0.4,22.1,0,9.7,4.7,9.6,31.5
Boston,16,5,779,175,23,12,0,0,0,0,0,9,0,17,1015,76.74876847,17.24137931,1213,723,186,4,178,0,85,37,1213,688,167,126,2,178,0,24,28,15.3,0.3,14.7,0,7,3.1,10.4,59.6
Boston,16,6,995,167,24,28,0,0,0,0,0,9,0,12,1235,80.56680162,13.52226721,2277,580,881,4,577,1,146,88,2277,502,816,260,3,577,1,57,61,38.7,0.2,25.3,0,6.4,3.9,11.4,25.5
Boston,16,7,589,305,34,13,0,0,0,0,0,18,0,12,971,60.65911432,31.41091658,1361,1032,184,3,93,2,36,11,1361,1006,170,61,2,91,2,19,10,13.5,0.2,6.8,0.1,2.6,0.8,4.5,75.8
Boston,16,8,748,241,36,25,1,0,0,1,0,27,0,17,1096,68.24817518,21.98905109,1548,922,358,7,162,0,42,57,1548,901,331,93,7,161,0,10,45,23.1,0.5,10.5,0,2.7,3.7,6,59.6
Boston,16,9,582,466,35,11,0,0,0,0,0,16,0,24,1134,51.32275132,41.09347443,1655,1514,55,3,51,0,15,17,1655,1490,54,45,0,51,0,2,13,3.3,0.2,3.1,0,0.9,1,2.7,91.5
Boston,16,10,576,331,22,13,0,0,0,0,0,10,0,12,964,59.75103734,34.33609959,1559,1191,184,1,116,2,32,33,1559,1158,174,70,1,116,1,10,29,11.8,0.1,7.4,0.1,2.1,2.1,4.5,76.4
Boston,16,11,749,291,34,20,0,0,0,0,0,20,0,13,1127,66.45962733,25.82076309,1575,1084,283,5,140,0,33,30,1575,1049,272,78,5,135,0,14,22,18,0.3,8.9,0,2.1,1.9,5,68.8
Boston,16,12,456,442,43,6,0,0,0,0,0,12,0,23,982,46.43584521,45.0101833,1289,1208,46,4,16,0,9,6,1289,1197,45,15,4,16,0,6,6,3.6,0.3,1.2,0,0.7,0.5,1.2,93.7
Boston,17,1,726,30,3,11,0,0,0,0,0,5,0,6,781,92.95774648,3.841229193,1313,132,961,16,4,0,132,68,1313,44,927,243,4,4,0,32,59,73.2,1.2,0.3,0,10.1,5.2,18.5,10.1
Boston,17,2,499,33,10,12,0,0,0,0,0,8,0,2,564,88.4751773,5.85106383,983,85,617,6,93,2,124,56,983,55,563,176,1,91,0,51,46,62.8,0.6,9.5,0.2,12.6,5.7,17.9,8.6
Boston,17,3,1143,50,11,13,0,0,0,0,0,15,0,10,1242,92.02898551,4.025764895,1996,338,1383,2,40,3,151,79,1996,267,1330,273,1,40,0,35,50,69.3,0.1,2,0.2,7.6,4,13.7,16.9
Boston,17,4,1169,112,16,17,0,0,0,0,0,12,0,13,1339,87.30395818,8.364451083,2105,514,1236,10,160,0,102,83,2105,492,1190,145,10,158,0,45,65,58.7,0.5,7.6,0,4.8,3.9,6.9,24.4
Boston,17,5,509,15,6,15,0,0,0,0,0,4,0,4,553,92.04339964,2.712477396,981,48,777,9,17,1,86,43,981,20,718,189,3,17,1,6,27,79.2,0.9,1.7,0.1,8.8,4.4,19.3,4.9
Boston,17,6,821,44,18,14,0,0,0,0,0,5,0,6,908,90.4185022,4.845814978,1526,386,790,10,130,1,137,72,1526,329,745,220,8,130,0,36,58,51.8,0.7,8.5,0.1,9,4.7,14.4,25.3
Boston,17,7,448,15,3,2,0,0,0,0,0,5,0,9,482,92.94605809,3.112033195,803,44,684,4,10,0,28,33,803,40,660,59,3,10,0,12,19,85.2,0.5,1.2,0,3.5,4.1,7.3,5.5
Boston,17,8,730,32,5,2,0,0,0,0,0,7,0,7,783,93.2311622,4.086845466,1261,100,1002,9,10,0,91,49,1261,59,958,191,2,10,0,14,27,79.5,0.7,0.8,0,7.2,3.9,15.1,7.9
Boston,17,9,634,39,8,12,0,0,0,0,0,4,0,2,699,90.70100143,5.579399142,1032,430,463,3,55,0,49,32,1032,387,444,97,3,55,0,18,28,44.9,0.3,5.3,0,4.7,3.1,9.4,41.7
Boston,17,10,1006,36,11,7,0,0,0,0,0,5,0,9,1074,93.66852886,3.351955307,1842,111,1537,5,13,0,116,60,1842,68,1471,197,4,13,0,37,52,83.4,0.3,0.7,0,6.3,3.3,10.7,6
Boston,17,11,389,14,7,6,0,0,0,0,0,4,0,4,424,91.74528302,3.301886792,708,103,486,1,41,0,54,23,708,86,468,66,1,41,0,31,15,68.6,0.1,5.8,0,7.6,3.2,9.3,14.5
Boston,17,12,612,39,4,9,0,0,0,0,0,9,0,5,678,90.26548673,5.752212389,1011,132,750,2,45,0,45,37,1011,120,729,76,2,42,0,16,26,74.2,0.2,4.5,0,4.5,3.7,7.5,13.1
Boston,17,13,752,143,12,18,0,0,0,0,0,21,0,15,961,78.25182102,14.88033299,1535,840,458,2,121,0,52,62,1535,812,440,96,2,120,0,14,51,29.8,0.1,7.9,0,3.4,4,6.3,54.7
Boston,17,14,835,106,16,9,0,0,0,0,0,10,0,7,983,84.94404883,10.78331638,1412,429,821,0,70,3,45,44,1412,397,792,106,0,70,0,17,30,58.1,0,5,0.2,3.2,3.1,7.5,30.4
Boston,18,1,1347,49,13,11,0,0,0,0,0,11,0,3,1434,93.93305439,3.417015342,2382,221,1849,20,28,0,174,90,2382,166,1748,358,9,28,0,22,51,77.6,0.8,1.2,0,7.3,3.8,15,9.3
Boston,18,2,961,18,5,9,0,0,0,0,0,13,0,5,1011,95.05440158,1.78041543,1772,46,1598,8,17,1,51,51,1772,22,1544,131,4,16,0,12,43,90.2,0.5,1,0.1,2.9,2.9,7.4,2.6
Boston,18,3,1096,18,7,11,0,0,0,0,0,6,0,10,1148,95.47038328,1.567944251,2048,98,1776,19,18,2,68,67,2048,51,1727,178,15,17,2,7,51,86.7,0.9,0.9,0.1,3.3,3.3,8.7,4.8
Boston,18,4,1075,34,6,10,0,0,0,0,0,8,0,7,1140,94.29824561,2.98245614,2024,96,1764,5,9,0,95,55,2024,70,1711,168,5,9,0,21,40,87.2,0.2,0.4,0,4.7,2.7,8.3,4.7
Boston,18,5,969,39,7,12,0,0,0,0,0,3,0,8,1038,93.35260116,3.757225434,1923,104,1681,24,4,0,56,54,1923,82,1630,147,10,4,0,13,37,87.4,1.2,0.2,0,2.9,2.8,7.6,5.4
Boston,18,6,1343,49,6,12,0,0,0,0,0,6,0,10,1426,94.17952314,3.436185133,1999,171,1672,8,13,0,69,66,1999,110,1632,184,7,13,0,6,47,83.6,0.4,0.7,0,3.5,3.3,9.2,8.6
Boston,18,7,932,107,10,10,1,0,0,0,0,7,0,9,1076,86.61710037,9.944237918,1688,621,653,18,62,0,277,57,1688,410,584,587,8,59,0,17,23,38.7,1.1,3.7,0,16.4,3.4,34.8,36.8
Boston,18,8,1646,147,23,21,0,0,0,0,0,10,0,11,1858,88.58988159,7.911733046,3041,859,1642,15,58,2,356,109,3041,566,1548,791,5,57,2,16,56,54,0.5,1.9,0.1,11.7,3.6,26,28.2
Boston,18,9,923,164,11,14,0,0,0,0,0,13,0,18,1143,80.75240595,14.34820647,1606,960,372,7,41,1,160,65,1606,847,345,318,6,40,1,18,31,23.2,0.4,2.6,0.1,10,4,19.8,59.8
Boston,18,10,1321,201,38,24,0,0,0,0,0,22,0,19,1625,81.29230769,12.36923077,2337,1576,371,13,89,0,212,76,2337,1364,351,470,5,87,0,25,35,15.9,0.6,3.8,0,9.1,3.3,20.1,67.4
Boston,18,11,851,87,14,12,0,0,0,0,0,10,0,7,981,86.74821611,8.868501529,1410,415,707,9,29,0,194,56,1410,298,664,390,4,28,0,7,19,50.1,0.6,2.1,0,13.8,4,27.7,29.4
Boston,18,12,926,187,19,15,0,0,0,0,0,7,0,8,1162,79.69018933,16.0929432,1777,951,600,11,40,1,114,60,1777,803,561,342,8,38,1,3,21,33.8,0.6,2.3,0.1,6.4,3.4,19.2,53.5
Boston,18,13,574,59,10,14,1,0,0,0,0,6,0,6,670,85.67164179,8.805970149,1147,381,578,3,33,0,116,36,1147,286,546,246,2,33,0,13,21,50.4,0.3,2.9,0,10.1,3.1,21.4,33.2
Boston,18,14,616,67,6,12,0,0,0,0,0,5,0,5,711,86.63853727,9.423347398,1284,345,692,5,23,0,169,50,1284,222,647,349,2,20,0,17,27,53.9,0.4,1.8,0,13.2,3.9,27.2,26.9
Boston,18,15,919,67,10,9,0,0,0,0,0,12,0,8,1025,89.65853659,6.536585366,1723,301,1195,6,20,0,151,50,1723,215,1131,330,5,20,0,4,18,69.4,0.3,1.2,0,8.8,2.9,19.2,17.5
Boston,18,16,836,346,30,22,1,0,0,0,0,22,0,20,1277,65.46593579,27.09475333,1733,1194,380,8,39,5,73,34,1733,1118,355,191,2,38,0,7,22,21.9,0.5,2.3,0.3,4.2,2,11,68.9
Boston,18,17,935,171,27,20,0,0,0,0,0,8,0,14,1175,79.57446809,14.55319149,1650,689,665,10,44,1,171,70,1650,576,616,374,4,44,1,7,28,40.3,0.6,2.7,0.1,10.4,4.2,22.7,41.8
Boston,18,18,1120,205,29,13,0,0,0,0,0,10,0,14,1391,80.51761323,14.73759885,2356,1007,985,6,17,4,253,84,2356,827,913,537,4,17,0,16,42,41.8,0.3,0.7,0.2,10.7,3.6,22.8,42.7
Boston,18,19,1463,260,31,37,0,0,0,0,0,21,0,19,1831,79.90169306,14.19989077,2594,1046,1180,8,70,3,199,88,2594,864,1125,467,3,68,0,17,50,45.5,0.3,2.7,0.1,7.7,3.4,18,40.3
Boston,18,20,1023,430,37,11,0,0,0,0,0,26,0,20,1547,66.12798966,27.79573368,2279,1486,518,5,42,1,169,58,2279,1417,490,254,4,42,1,38,33,22.7,0.2,1.8,0,7.4,2.5,11.1,65.2
Boston,18,21,1223,38,7,12,0,0,0,0,0,16,0,12,1308,93.50152905,2.905198777,2119,111,1810,11,2,0,123,62,2119,61,1748,237,7,1,0,20,45,85.4,0.5,0.1,0,5.8,2.9,11.2,5.2
Boston,18,22,926,325,24,20,0,0,0,0,0,21,0,19,1335,69.36329588,24.34456929,1753,1115,385,4,32,2,162,53,1753,945,355,387,1,28,2,10,25,22,0.2,1.8,0.1,9.2,3,22.1,63.6
Boston,18,23,900,69,13,5,0,0,0,0,0,2,0,10,999,90.09009009,6.906906907,1195,255,743,6,11,0,148,32,1195,165,696,305,0,11,0,8,10,62.2,0.5,0.9,0,12.4,2.7,25.5,21.3
Boston,19,1,1008,29,26,28,0,0,0,0,0,9,0,4,1104,91.30434783,2.626811594,1990,1588,118,17,69,0,112,86,1990,1438,104,327,4,67,0,10,40,5.9,0.9,3.5,0,5.6,4.3,16.4,79.8
Boston,19,2,967,236,31,21,3,0,0,0,0,41,0,17,1316,73.48024316,17.9331307,1878,1545,87,7,177,0,15,47,1878,1497,83,82,6,175,0,0,35,4.6,0.4,9.4,0,0.8,2.5,4.4,82.3
Boston,19,3,772,62,20,22,0,0,0,0,0,14,0,8,898,85.9688196,6.904231626,1308,1121,61,4,65,3,19,35,1308,1080,59,66,0,64,3,6,30,4.7,0.3,5,0.2,1.5,2.7,5,85.7
Boston,19,4,1179,42,17,23,0,0,0,0,0,13,0,7,1281,92.03747073,3.278688525,1234,1038,61,3,41,0,48,43,1234,980,57,114,2,41,0,5,35,4.9,0.2,3.3,0,3.9,3.5,9.2,84.1
Boston,19,5,912,68,16,22,2,0,0,0,0,13,0,8,1041,87.60806916,6.532180596,1582,1239,158,8,70,0,71,36,1582,1125,143,209,5,70,0,8,22,10,0.5,4.4,0,4.5,2.3,13.2,78.3
Boston,19,6,1354,52,20,43,0,0,0,0,0,22,0,10,1501,90.20652898,3.464357095,1665,1390,123,8,69,0,33,42,1665,1319,110,125,6,69,0,6,30,7.4,0.5,4.1,0,2,2.5,7.5,83.5
Boston,19,7,1174,81,22,32,0,0,0,0,0,24,0,6,1339,87.67737117,6.049290515,1717,1105,211,8,136,0,184,73,1717,941,198,388,2,136,0,11,41,12.3,0.5,7.9,0,10.7,4.3,22.6,64.4
Boston,19,8,647,34,15,17,0,0,0,0,0,4,0,4,721,89.73647712,4.715672677,843,754,27,1,28,0,12,21,843,728,27,38,1,28,0,4,17,3.2,0.1,3.3,0,1.4,2.5,4.5,89.4
Boston,19,9,638,45,13,14,0,0,0,0,0,10,0,20,740,86.21621622,6.081081081,844,707,40,1,66,0,11,19,844,661,39,60,0,66,0,3,15,4.7,0.1,7.8,0,1.3,2.3,7.1,83.8
Boston,19,10,1091,142,32,24,0,0,0,0,0,10,0,13,1312,83.1554878,10.82317073,1817,1097,474,6,36,3,142,59,1817,928,425,394,4,35,3,6,22,26.1,0.3,2,0.2,7.8,3.2,21.7,60.4
Boston,19,11,1051,56,12,21,0,0,0,0,0,8,0,4,1152,91.23263889,4.861111111,1386,469,390,7,73,0,364,83,1386,232,342,694,2,73,0,7,36,28.1,0.5,5.3,0,26.3,6,50.1,33.8
Boston,19,12,807,106,7,13,3,0,0,0,0,9,0,8,953,84.67995803,11.1227702,1133,750,237,7,19,1,74,45,1133,656,220,212,5,18,1,1,20,20.9,0.6,1.7,0.1,6.5,4,18.7,66.2
Boston,19,13,737,83,9,12,1,0,0,0,0,7,0,9,858,85.8974359,9.673659674,1850,792,581,10,42,5,321,99,1850,516,516,732,2,42,4,9,29,31.4,0.5,2.3,0.3,17.4,5.4,39.6,42.8
Boston,20,1,895,231,32,19,1,0,0,0,0,16,0,9,1203,74.39733998,19.20199501,1872,1672,79,4,55,0,44,18,1872,1603,71,115,1,54,0,13,15,4.2,0.2,2.9,0,2.4,1,6.1,89.3
Boston,20,2,967,171,30,26,0,0,0,0,0,16,0,9,1219,79.32731747,14.02789171,1786,1285,248,9,67,0,120,57,1786,1129,218,333,3,66,0,7,30,13.9,0.5,3.8,0,6.7,3.2,18.6,71.9
Boston,20,3,787,339,30,23,4,0,0,0,0,19,0,18,1220,64.50819672,27.78688525,1967,1118,543,4,121,0,133,48,1967,1001,508,298,4,121,0,7,28,27.6,0.2,6.2,0,6.8,2.4,15.1,56.8
Boston,20,4,862,105,25,22,0,0,0,0,0,18,0,5,1037,83.1243973,10.12536162,1132,972,74,0,21,0,42,23,1132,941,69,85,0,21,0,3,13,6.5,0,1.9,0,3.7,2,7.5,85.9
Boston,20,5,757,381,29,15,0,0,0,0,0,30,0,19,1231,61.49471974,30.95044679,2961,2444,180,6,183,1,106,41,2961,2324,161,245,4,183,1,10,33,6.1,0.2,6.2,0,3.6,1.4,8.3,82.5
Boston,20,6,927,358,40,16,0,0,0,0,0,22,0,20,1383,67.02819957,25.8857556,1978,1797,67,8,64,1,17,24,1978,1735,67,82,7,63,1,3,20,3.4,0.4,3.2,0.1,0.9,1.2,4.1,90.8
Boston,20,7,590,207,23,14,2,0,0,0,0,9,0,16,861,68.52497096,24.04181185,1072,977,41,4,28,0,13,9,1072,933,37,62,4,28,0,2,6,3.8,0.4,2.6,0,1.2,0.8,5.8,91.1
Boston,20,8,704,183,26,10,0,0,0,0,0,14,0,15,952,73.94957983,19.22268908,1391,1117,113,8,45,0,70,38,1391,1056,102,162,1,45,0,2,23,8.1,0.6,3.2,0,5,2.7,11.6,80.3
Boston,20,9,778,211,22,8,0,0,0,0,0,18,0,10,1047,74.30754537,20.15281757,1481,1136,188,1,14,0,109,33,1481,1027,176,243,0,14,0,7,14,12.7,0.1,0.9,0,7.4,2.2,16.4,76.7
Boston,20,10,955,474,35,15,1,0,0,0,0,34,0,31,1545,61.81229773,30.67961165,1488,1248,71,0,95,1,53,20,1488,1191,60,122,0,94,1,8,12,4.8,0,6.4,0.1,3.6,1.3,8.2,83.9
Boston,20,11,470,165,16,7,0,0,0,0,0,7,0,7,672,69.94047619,24.55357143,816,732,22,0,40,1,7,14,816,708,18,35,0,40,1,1,13,2.7,0,4.9,0.1,0.9,1.7,4.3,89.7
Boston,20,12,549,263,38,15,1,0,0,0,0,23,0,12,901,60.93229745,29.18978912,1044,989,15,0,30,0,5,5,1044,974,14,23,0,30,0,0,3,1.4,0,2.9,0,0.5,0.5,2.2,94.7
Boston,20,13,508,229,23,6,0,0,0,0,0,21,0,15,802,63.34164589,28.55361596,952,858,19,0,56,1,12,6,952,842,19,29,0,56,1,3,2,2,0,5.9,0.1,1.3,0.6,3,90.1
Boston,20,14,459,245,33,9,0,0,0,0,0,15,0,16,777,59.07335907,31.53153153,915,845,18,1,36,0,6,9,915,828,13,28,1,36,0,1,8,2,0.1,3.9,0,0.7,1,3.1,92.3
Boston,20,15,878,462,47,16,0,0,0,0,0,7,0,22,1432,61.31284916,32.26256983,2041,1593,160,7,186,0,69,26,2041,1525,140,154,4,185,0,8,25,7.8,0.3,9.1,0,3.4,1.3,7.5,78
Boston,20,16,845,510,59,15,0,0,0,0,0,30,0,27,1486,56.8640646,34.32032301,2031,1704,87,2,164,2,45,27,2031,1640,79,126,0,164,1,8,13,4.3,0.1,8.1,0.1,2.2,1.3,6.2,83.9
Boston,20,17,1030,488,60,18,0,0,0,0,0,26,0,20,1642,62.72838002,29.71985384,1926,1763,55,1,84,0,6,17,1926,1708,52,70,0,84,0,0,12,2.9,0.1,4.4,0,0.3,0.9,3.6,91.5
Boston,20,18,550,174,17,14,0,0,0,0,0,9,0,14,778,70.6940874,22.36503856,1041,908,48,7,59,0,8,11,1041,880,45,45,2,59,0,5,5,4.6,0.7,5.7,0,0.8,1.1,4.3,87.2
Boston,20,19,527,246,26,7,0,0,0,0,0,17,0,23,846,62.29314421,29.07801418,1038,961,11,0,56,0,4,6,1038,927,10,41,0,56,0,2,2,1.1,0,5.4,0,0.4,0.6,3.9,92.6
Boston,20,20,964,363,39,15,0,0,0,0,0,20,0,9,1410,68.36879433,25.74468085,2367,1882,102,1,283,0,50,49,2367,1796,97,135,1,283,0,15,40,4.3,0,12,0,2.1,2.1,5.7,79.5
Boston,21,1,983,89,42,18,0,0,0,0,0,22,0,5,1159,84.81449525,7.67903365,3936,2804,140,8,776,5,78,125,3936,2608,132,298,7,773,3,14,101,3.6,0.2,19.7,0.1,2,3.2,7.6,71.2
Boston,21,2,472,41,17,9,0,0,0,0,0,9,0,6,554,85.19855596,7.400722022,6796,4675,223,3,1512,0,115,268,6796,4319,204,525,2,1500,0,20,226,3.3,0,22.2,0,1.7,3.9,7.7,68.8
Boston,21,3,689,80,23,21,1,0,0,0,0,15,0,2,831,82.91215403,9.626955475,3700,2379,137,6,956,1,101,120,3700,2212,127,256,5,946,1,46,107,3.7,0.2,25.8,0,2.7,3.2,6.9,64.3
Boston,21,4,577,44,26,30,0,0,0,0,0,11,0,1,689,83.74455733,6.386066763,2966,1914,77,2,596,1,240,136,2966,1775,76,326,1,594,1,101,92,2.6,0.1,20.1,0,8.1,4.6,11,64.5
Boston,21,5,936,78,33,25,0,0,0,0,0,27,0,4,1103,84.85947416,7.071622847,2668,1915,106,2,511,3,64,67,2668,1792,98,184,0,507,2,29,56,4,0.1,19.2,0.1,2.4,2.5,6.9,71.8
Boston,21,6,657,93,18,23,0,0,0,0,0,15,0,5,811,81.01109741,11.46732429,2860,2162,94,5,405,3,108,83,2860,2024,89,216,2,404,3,51,71,3.3,0.2,14.2,0.1,3.8,2.9,7.6,75.6
Boston,21,7,875,72,25,25,0,0,0,0,0,14,0,7,1018,85.95284872,7.072691552,1555,1017,152,5,207,3,107,64,1555,858,131,290,2,206,3,16,49,9.8,0.3,13.3,0.2,6.9,4.1,18.6,65.4
Boston,21,8,1001,80,40,36,0,0,0,0,0,17,0,12,1186,84.40134907,6.745362563,2811,2080,124,6,433,1,104,63,2811,1981,118,196,2,432,1,31,50,4.4,0.2,15.4,0,3.7,2.2,7,74
Boston,21,9,987,104,40,22,0,0,0,0,0,15,0,6,1174,84.07155026,8.858603066,2881,1824,255,11,555,1,140,95,2881,1691,230,304,4,553,1,24,74,8.9,0.4,19.3,0,4.9,3.3,10.6,63.3
Boston,21,10,861,131,27,15,3,0,0,0,0,7,0,11,1055,81.61137441,12.41706161,2112,1504,152,2,313,1,74,66,2112,1399,134,214,1,311,1,7,45,7.2,0.1,14.8,0,3.5,3.1,10.1,71.2
Boston,21,11,988,112,48,23,0,0,0,0,0,22,0,9,1202,82.19633943,9.317803661,2664,1982,82,4,465,0,67,64,2664,1890,76,161,2,465,0,18,52,3.1,0.2,17.5,0,2.5,2.4,6,74.4
Boston,21,12,904,192,46,23,1,0,0,0,0,12,0,19,1197,75.52213868,16.04010025,2414,2051,85,2,198,2,36,40,2414,1972,76,126,1,196,2,8,33,3.5,0.1,8.2,0.1,1.5,1.7,5.2,85
Boston,21,13,854,303,52,17,0,0,0,0,0,29,0,7,1262,67.6703645,24.00950872,2772,2133,52,1,502,1,39,44,2772,2088,48,76,0,502,1,17,40,1.9,0,18.1,0,1.4,1.6,2.7,76.9
Boston,21,14,654,61,28,17,0,0,0,0,0,12,0,8,780,83.84615385,7.820512821,1528,1253,44,2,175,0,20,34,1528,1197,42,83,2,175,0,2,27,2.9,0.1,11.5,0,1.3,2.2,5.4,82
Boston,21,15,791,81,22,17,2,0,0,0,0,11,0,4,928,85.23706897,8.728448276,1905,1545,54,6,236,2,32,30,1905,1488,53,87,4,235,2,11,25,2.8,0.3,12.4,0.1,1.7,1.6,4.6,81.1
Boston,21,16,846,165,49,27,0,0,0,0,0,24,0,18,1129,74.93356953,14.61470328,5369,4299,265,4,567,0,88,146,5369,4024,248,393,4,564,0,11,125,4.9,0.1,10.6,0,1.6,2.7,7.3,80.1
Boston,22,1,1130,121,50,43,7,0,0,0,0,39,0,7,1397,80.88761632,8.661417323,5112,3220,357,17,1026,1,278,213,5112,2804,315,712,8,1022,1,68,182,7,0.3,20.1,0,5.4,4.2,13.9,63
Boston,22,2,1249,169,37,45,0,0,0,0,0,32,0,12,1544,80.89378238,10.94559585,2937,1933,163,8,404,2,315,112,2937,1738,146,480,3,401,2,98,69,5.5,0.3,13.8,0.1,10.7,3.8,16.3,65.8
Boston,22,3,1063,214,41,32,7,0,0,0,0,33,0,13,1403,75.76621525,15.25302922,2369,1875,78,3,306,0,73,34,2369,1787,70,157,3,305,0,21,26,3.3,0.1,12.9,0,3.1,1.4,6.6,79.1
Boston,22,4,701,128,44,17,0,0,0,0,0,20,0,11,921,76.11292074,13.89793702,1406,1133,57,0,154,0,42,20,1406,1085,55,87,0,151,0,10,18,4.1,0,11,0,3,1.4,6.2,80.6
Boston,22,5,598,123,28,18,0,0,0,0,0,10,0,13,790,75.69620253,15.56962025,1642,1010,116,3,185,0,251,77,1642,894,99,270,1,184,0,136,58,7.1,0.2,11.3,0,15.3,4.7,16.4,61.5
Boston,22,6,606,106,31,25,0,0,0,0,0,18,0,7,793,76.4186633,13.36696091,1585,1157,41,1,221,0,117,48,1585,1066,32,169,1,221,0,58,38,2.6,0.1,13.9,0,7.4,3,10.7,73
Boston,22,7,949,155,57,24,0,0,0,0,0,19,0,15,1219,77.85069729,12.71534044,2079,1628,118,4,160,1,121,47,2079,1552,109,164,3,159,1,52,39,5.7,0.2,7.7,0,5.8,2.3,7.9,78.3
Boston,22,8,669,199,31,9,0,0,0,0,0,24,0,8,940,71.17021277,21.17021277,2065,1583,61,1,357,0,26,37,2065,1505,58,108,1,354,0,8,31,3,0,17.3,0,1.3,1.8,5.2,76.7
Boston,22,9,708,173,32,20,3,0,0,0,0,18,0,15,969,73.06501548,17.85345717,2018,1564,40,0,319,2,33,60,2018,1498,37,99,0,319,2,11,52,2,0,15.8,0.1,1.6,3,4.9,77.5
Boston,22,10,835,163,38,19,1,0,0,0,0,23,0,19,1098,76.04735883,14.84517304,2442,1984,90,1,250,0,73,44,2442,1842,81,207,1,248,0,34,29,3.7,0,10.2,0,3,1.8,8.5,81.2
Boston,22,11,596,130,14,29,0,0,0,0,0,11,0,7,787,75.73062262,16.5184244,1315,1019,66,5,155,0,29,41,1315,949,64,109,1,152,0,12,28,5,0.4,11.8,0,2.2,3.1,8.3,77.5
Boston,22,12,605,138,27,14,1,0,0,0,0,17,0,9,811,74.59926017,17.01602959,1646,1007,164,8,242,1,158,66,1646,903,138,299,5,242,0,29,30,10,0.5,14.7,0.1,9.6,4,18.2,61.2