City/Town,Ward,Pct,Edward J. Markey,"Joseph P. Kennedy, III",All Others,Blanks,Total Votes Cast,Total,White,Black or African American,American Indian and Alaska Native,Asian,Native Hawaiian and Other Pacific Islander,Some Other Race,Two or More Races,Total.1,White (alone),Black or African American (alone),Hispanic or Latino (alone),American Indian and Alaska Native (alone),Asian (alone),Native Hawaiian and Other Pacific Islander (alone),Some Other Race/Ethnicity (alone),Two or More Races/Ethnicities (alone),Black Percentage,Native American Percentage,Asian Percentage,Native Hawaiian/Pacific Islander Percentage,Other Race Percentage,Two or more races Percentage,Hispanic Percentage,White Percentage
Boston,1,1,373,170,1,2,546,1717,1369,55,7,49,4,173,60,1717,1074,38,503,3,45,0,27,27,3.203261503,0.4076878276,2.853814793,0.2329644729,10.07571345,3.494467094,29.29528247,79.73209086
Boston,1,2,244,90,3,5,342,2071,1520,61,3,42,0,351,94,2071,828,40,1073,2,42,0,53,33,2.945436987,0.1448575567,2.028005794,0,16.94833414,4.538870111,51.81071946,73.39449541
Boston,1,3,538,338,1,4,881,3179,1989,278,10,228,0,494,180,3179,1275,212,1314,5,227,0,57,89,8.74488833,0.3145643284,7.172066688,0,15.53947782,5.662157911,41.33375275,62.56684492
Boston,1,4,200,124,0,1,325,1884,1097,57,12,38,1,555,124,1884,512,43,1203,6,37,0,59,24,3.025477707,0.6369426752,2.016985138,0.05307855626,29.45859873,6.581740977,63.85350318,58.22717622
Boston,1,5,259,121,1,3,384,2888,1659,77,22,76,5,896,153,2888,969,47,1664,1,74,0,93,40,2.666204986,0.7617728532,2.631578947,0.1731301939,31.02493075,5.297783934,57.61772853,57.44459834
Boston,1,6,202,121,0,8,331,2507,1488,78,16,61,1,749,114,2507,807,59,1479,5,61,0,60,36,3.111288393,0.6382130036,2.433187076,0.03988831272,29.87634623,4.547267651,58.99481452,59.35380933
Boston,1,7,267,111,0,10,388,2388,1407,108,11,72,0,652,138,2388,709,76,1451,6,72,0,43,31,4.522613065,0.4606365159,3.015075377,0,27.30318258,5.778894472,60.76214405,58.91959799
Boston,1,8,253,200,0,6,459,2902,1700,119,18,191,0,723,151,2902,912,76,1669,5,188,0,8,44,4.100620262,0.6202618884,6.581667815,0,24.91385252,5.203308063,57.51206065,58.58028946
Boston,1,9,213,136,1,0,350,2086,1387,63,8,41,0,496,91,2086,734,44,1216,1,38,0,30,23,3.020134228,0.3835091083,1.96548418,0,23.77756472,4.362416107,58.29338447,66.49089166
Boston,1,10,131,83,1,3,218,1862,1176,43,8,64,1,473,97,1862,552,38,1165,0,62,1,38,6,2.309344791,0.4296455424,3.437164339,0.0537056928,25.4027927,5.209452202,62.56713212,63.15789474
Boston,1,11,239,186,2,7,434,2722,2141,79,13,87,2,337,63,2722,1610,57,923,0,87,1,19,25,2.902277737,0.4775900073,3.19617928,0.07347538575,12.3806025,2.314474651,33.90889052,78.65540044
Boston,1,12,266,180,2,7,455,1833,1516,33,10,49,0,175,50,1833,1231,26,476,8,49,0,24,19,1.800327332,0.545553737,2.673213312,0,9.547190398,2.727768685,25.96835788,82.70594654
Boston,1,13,283,257,1,6,547,2624,1792,226,10,99,0,392,105,2624,1192,178,1099,5,95,0,28,27,8.612804878,0.381097561,3.772865854,0,14.93902439,4.00152439,41.88262195,68.29268293
Boston,1,14,124,109,0,0,233,820,717,21,1,37,1,29,14,820,613,16,145,0,36,1,1,8,2.56097561,0.1219512195,4.512195122,0.1219512195,3.536585366,1.707317073,17.68292683,87.43902439
Boston,1,15,1,0,0,0,1,530,208,217,2,7,1,78,17,530,165,204,130,2,7,1,13,8,40.94339623,0.3773584906,1.320754717,0.1886792453,14.71698113,3.20754717,24.52830189,39.24528302
Boston,2,1,497,351,4,14,866,1690,1606,11,0,51,1,15,6,1690,1586,9,36,0,51,1,1,6,0.650887574,0,3.017751479,0.05917159763,0.8875739645,0.3550295858,2.130177515,95.0295858
Boston,2,2,534,381,3,24,942,3716,2422,367,11,602,7,220,87,3716,2182,309,540,5,601,7,22,50,9.87621098,0.2960172228,16.20021529,0.1883745963,5.920344456,2.341227126,14.53175457,65.17761033
Boston,2,3,375,231,1,2,609,1652,1594,7,3,24,0,6,18,1652,1576,7,27,3,23,0,1,15,0.4237288136,0.181598063,1.452784504,0,0.3631961259,1.089588378,1.634382567,96.48910412
Boston,2,4,323,226,0,11,560,1457,1040,132,5,146,0,90,44,1457,966,100,230,0,145,0,3,13,9.059711736,0.3431708991,10.02059025,0,6.177076184,3.019903912,15.78586136,71.37954701
Boston,2,5,370,227,0,11,608,1602,1561,6,0,22,1,3,9,1602,1548,6,18,0,21,0,1,8,0.3745318352,0,1.373283396,0.06242197253,0.1872659176,0.5617977528,1.123595506,97.44069913
Boston,2,6,456,345,3,27,831,2278,2014,40,3,161,1,29,30,2278,1968,34,94,2,160,1,1,18,1.755926251,0.1316944688,7.067603161,0.04389815628,1.273046532,1.316944688,4.12642669,88.41088674
Boston,2,7,438,222,2,14,676,1359,1256,26,0,63,0,5,9,1359,1230,25,28,0,63,0,4,9,1.91317145,0,4.635761589,0,0.3679175865,0.6622516556,2.060338484,92.42089772
Boston,3,1,594,371,2,11,978,3998,3619,129,8,137,0,50,55,3998,3522,125,156,6,136,0,7,46,3.226613307,0.20010005,3.426713357,0,1.250625313,1.375687844,3.901950975,90.52026013
Boston,3,2,308,162,1,5,476,1866,1771,20,1,44,1,20,9,1866,1719,16,71,1,43,1,6,9,1.071811361,0.05359056806,2.357984995,0.05359056806,1.071811361,0.4823151125,3.804930332,94.90889603
Boston,3,3,324,160,1,8,493,2362,2234,13,6,68,0,19,22,2362,2177,12,74,5,67,0,6,21,0.550381033,0.2540220152,2.878916173,0,0.8044030483,0.9314140559,3.132938188,94.58086367
Boston,3,4,390,198,0,9,597,1910,1823,14,6,37,2,9,19,1910,1766,14,69,5,37,2,4,13,0.7329842932,0.3141361257,1.937172775,0.1047120419,0.4712041885,0.9947643979,3.612565445,95.44502618
Boston,3,5,728,385,2,8,"1,123",4660,3353,541,4,640,0,49,73,4660,3006,536,404,4,637,0,9,64,11.60944206,0.08583690987,13.73390558,0,1.051502146,1.566523605,8.669527897,71.9527897
Boston,3,6,903,475,0,14,"1,392",5373,4484,246,11,455,3,79,95,5373,4291,226,284,10,454,3,18,87,4.578447795,0.2047273404,8.468267262,0.0558347292,1.470314536,1.768099758,5.285687698,83.45430858
Boston,3,7,943,437,0,10,"1,390",3951,2911,233,10,629,0,96,72,3951,2788,210,262,7,627,0,9,48,5.897241205,0.2531004809,15.92002025,0,2.429764617,1.822323462,6.631232599,73.67754999
Boston,3,8,"1,197",663,2,19,"1,881",7821,3585,377,4,3598,4,103,150,7821,3347,351,386,4,3594,3,15,121,4.820355453,0.05114435494,46.00434727,0.05114435494,1.31696714,1.91791331,4.935430252,45.83812812
Boston,4,1,487,245,0,3,735,2011,1736,70,4,129,0,35,37,2011,1667,64,102,4,129,0,18,27,3.480855296,0.1989060169,6.414719045,0,1.740427648,1.839880656,5.072103431,86.32521134
Boston,4,2,574,450,0,5,"1,029",3532,2541,390,8,468,0,54,71,3532,2397,375,212,7,466,0,11,64,11.0419026,0.2265005663,13.25028313,0,1.528878822,2.010192525,6.002265006,71.94224236
Boston,4,3,345,194,0,1,540,1337,985,211,2,81,0,27,31,1337,938,200,93,2,81,0,2,21,15.7816006,0.1495886313,6.058339566,0,2.019446522,2.318623785,6.955871354,73.6724009
Boston,4,4,428,239,2,1,670,2256,1625,358,5,143,1,54,70,2256,1520,337,199,3,143,1,8,45,15.86879433,0.2216312057,6.338652482,0.04432624113,2.393617021,3.102836879,8.820921986,72.03014184
Boston,4,5,284,161,0,0,445,2953,2098,294,5,448,1,47,60,2953,1947,282,215,5,445,1,7,51,9.955976973,0.1693193363,15.17101253,0.03386386725,1.591601761,2.031832035,7.28073146,71.0463935
Boston,4,6,206,100,0,0,306,2498,1639,235,9,437,0,84,94,2498,1494,222,264,8,437,0,14,59,9.407526021,0.3602882306,17.4939952,0,3.362690152,3.763010408,10.56845476,65.61248999
Boston,4,7,260,111,0,2,373,4109,2808,291,10,745,2,114,139,4109,2631,276,329,6,742,2,12,111,7.082015089,0.2433682161,18.1309321,0.04867364322,2.774397664,3.382818204,8.00681431,68.33779508
Boston,4,8,202,91,1,2,296,4521,3301,284,8,701,2,111,114,4521,3106,266,331,6,696,1,20,95,6.281796063,0.1769520018,15.50541916,0.04423800044,2.455209025,2.521566025,7.321389073,73.01481973
Boston,4,9,69,91,0,1,161,4347,3085,411,13,450,3,223,162,4347,2822,368,573,6,447,3,9,119,9.454796411,0.2990568208,10.35196687,0.06901311249,5.129974695,3.726708075,13.18150449,70.96848401
Boston,4,10,75,18,0,0,93,5545,4247,359,6,601,5,155,172,5545,4098,328,350,3,592,4,19,151,6.474301172,0.1082055906,10.83859333,0.09017132552,2.795311091,3.101893598,6.311992786,76.5915239
Boston,5,1,928,497,0,13,"1,438",6467,4012,300,8,1921,1,103,122,6467,3858,277,288,7,1920,1,18,98,4.638936137,0.1237049637,29.7046544,0.01546312046,1.592701407,1.886500696,4.453378692,62.03803928
Boston,5,2,559,222,0,0,781,4207,3131,194,8,606,2,130,136,4207,2904,178,401,5,601,2,11,105,4.611362016,0.1901592584,14.40456382,0.04753981459,3.090087949,3.232707392,9.531732826,74.42357975
Boston,5,3,431,204,0,0,635,1873,1744,20,0,92,0,8,9,1873,1695,17,58,0,92,0,3,8,1.067805659,0,4.911906033,0,0.4271222637,0.4805125467,3.096636412,93.1126535
Boston,5,4,507,170,2,1,680,2702,2405,70,2,153,1,29,42,2702,2324,68,106,2,152,1,12,37,2.590673575,0.074019245,5.662472243,0.0370096225,1.073279053,1.554404145,3.923019985,89.00814212
Boston,5,5,163,90,0,1,254,677,636,4,1,21,0,1,14,677,624,4,17,1,21,0,1,9,0.5908419498,0.1477104874,3.101920236,0,0.1477104874,2.067946824,2.511078287,93.94387001
Boston,5,6,402,203,0,3,608,2212,1965,77,3,114,0,21,32,2212,1896,65,104,3,114,0,4,26,3.481012658,0.1356238698,5.153707052,0,0.9493670886,1.446654611,4.701627486,88.83363472
Boston,5,7,477,209,2,3,691,2626,2323,54,2,175,1,26,45,2626,2231,50,126,2,175,1,3,38,2.056359482,0.0761614623,6.664127951,0.03808073115,0.9900990099,1.713632902,4.798172125,88.46153846
Boston,5,8,428,193,2,0,623,2585,2200,65,1,214,0,34,71,2585,2108,63,125,1,212,0,15,61,2.51450677,0.03868471954,8.278529981,0,1.315280464,2.746615087,4.835589942,85.10638298
Boston,5,9,564,267,0,2,833,4112,3372,89,3,513,0,53,82,4112,3174,84,262,3,506,0,13,70,2.164396887,0.07295719844,12.47568093,0,1.288910506,1.994163424,6.371595331,82.00389105
Boston,5,10,348,110,1,3,462,6184,4078,207,15,1529,0,110,245,6184,3749,197,478,12,1517,0,21,210,3.347347995,0.2425614489,24.72509702,0,1.778783959,3.961836999,7.729624838,65.94437257
Boston,5,11,303,134,1,2,440,1322,1222,11,0,68,0,7,14,1322,1179,11,51,0,67,0,2,12,0.8320726172,0,5.143721634,0,0.5295007564,1.059001513,3.857791225,92.43570348
Boston,6,1,"1,075",715,0,12,"1,802",4089,3123,260,7,332,2,253,112,4089,2899,190,582,4,330,2,16,66,6.358522866,0.1711910002,8.119344583,0.04891171436,6.187331866,2.739056004,14.23330888,76.37564197
Boston,6,2,224,171,0,5,400,1387,1089,85,1,102,0,90,20,1387,1055,66,143,1,97,0,11,14,6.128334535,0.07209805335,7.354001442,0,6.488824802,1.441961067,10.31002163,78.5147801
Boston,6,3,318,199,3,8,528,1848,1711,22,10,78,1,8,18,1848,1686,19,38,7,78,1,3,16,1.19047619,0.5411255411,4.220779221,0.05411255411,0.4329004329,0.974025974,2.056277056,92.58658009
Boston,6,4,322,200,4,21,547,1801,1666,14,4,77,0,12,28,1801,1646,14,40,2,77,0,2,20,0.7773459189,0.222098834,4.275402554,0,0.6662965019,1.554691838,2.22098834,92.50416435
Boston,6,5,320,201,2,14,537,1678,1617,8,2,31,1,11,8,1678,1598,7,28,1,31,1,5,7,0.4767580453,0.1191895113,1.847437426,0.05959475566,0.6555423123,0.4767580453,1.668653159,96.3647199
Boston,6,6,241,225,11,33,510,1503,1459,14,1,13,0,6,10,1503,1453,12,12,1,13,0,4,8,0.9314703925,0.06653359947,0.8649367931,0,0.3992015968,0.6653359947,0.7984031936,97.07252162
Boston,6,7,309,192,4,11,516,1526,1491,7,1,12,2,3,10,1526,1477,7,20,1,12,1,0,8,0.4587155963,0.06553079948,0.7863695937,0.131061599,0.1965923984,0.6553079948,1.31061599,97.70642202
Boston,6,8,252,209,4,7,472,1545,1518,3,1,10,0,3,10,1545,1512,3,10,1,9,0,0,10,0.1941747573,0.06472491909,0.6472491909,0,0.1941747573,0.6472491909,0.6472491909,98.25242718
Boston,6,9,254,186,4,28,472,1572,1543,17,2,1,0,4,5,1572,1530,15,18,2,1,0,1,5,1.081424936,0.1272264631,0.06361323155,0,0.2544529262,0.3180661578,1.145038168,98.15521628
Boston,7,1,227,188,4,25,444,1363,1343,2,0,12,0,3,3,1363,1334,2,12,0,12,0,0,3,0.1467351431,0,0.8804108584,0,0.2201027146,0.2201027146,0.8804108584,98.53264857
Boston,7,2,300,204,5,24,533,1769,1733,9,0,16,1,1,9,1769,1719,9,15,0,16,1,0,9,0.5087620124,0,0.9044657999,0.05652911249,0.05652911249,0.5087620124,0.8479366874,97.96495195
Boston,7,3,345,290,2,17,654,2133,2048,15,2,32,0,18,18,2133,2019,15,48,2,31,0,2,16,0.7032348805,0.09376465073,1.500234412,0,0.8438818565,0.8438818565,2.250351617,96.01500234
Boston,7,4,265,195,2,14,476,1829,1576,69,2,75,0,64,43,1829,1540,57,115,2,75,0,20,20,3.772553308,0.1093493712,4.100601422,0,3.49917988,2.351011482,6.287588846,86.16730454
Boston,7,5,230,176,1,7,414,1905,1407,177,5,157,2,107,50,1905,1338,138,229,3,154,2,17,24,9.291338583,0.2624671916,8.241469816,0.1049868766,5.6167979,2.624671916,12.02099738,73.85826772
Boston,7,6,221,171,1,10,403,1586,1074,160,5,152,1,145,49,1586,992,130,289,1,150,1,6,17,10.08827238,0.315258512,9.583858764,0.0630517024,9.142496847,3.089533417,18.22194199,67.71752837
Boston,7,7,72,161,1,2,236,1496,572,404,14,224,3,200,79,1496,363,312,561,6,224,2,5,23,27.00534759,0.935828877,14.97326203,0.2005347594,13.36898396,5.280748663,37.5,38.23529412
Boston,7,8,299,131,2,3,435,1487,1173,97,3,137,0,59,18,1487,1132,94,99,3,137,0,6,16,6.523201076,0.2017484869,9.213180901,0,3.967720242,1.210490921,6.657700067,78.88365837
Boston,7,9,217,136,2,2,357,1551,993,159,11,221,1,128,38,1551,937,147,150,7,221,1,60,28,10.25145068,0.7092198582,14.2488717,0.06447453256,8.252740168,2.450032237,9.671179884,64.02321083
Boston,7,10,148,197,0,2,347,1847,325,584,6,47,2,686,197,1847,206,540,377,3,46,1,504,170,31.61884136,0.3248511099,2.544667028,0.1082837033,37.14131023,10.66594478,20.41147807,17.59610179
Boston,8,1,229,197,0,4,430,1484,598,376,3,176,4,265,62,1484,436,334,489,3,176,4,13,29,25.33692722,0.2021563342,11.85983827,0.269541779,17.85714286,4.177897574,32.95148248,40.29649596
Boston,8,2,480,261,0,7,748,4588,2484,1212,19,598,1,189,85,4588,1889,1174,819,14,597,1,33,61,26.41673932,0.4141238012,13.03400174,0.02179598954,4.119442023,1.852659111,17.85091543,54.14123801
Boston,8,3,146,175,0,1,322,1269,266,715,10,52,0,169,57,1269,180,658,325,6,51,0,21,28,56.34357762,0.7880220646,4.097714736,0,13.31757289,4.491725768,25.6107171,20.96138692
Boston,8,4,83,103,0,0,186,664,75,392,5,11,0,142,39,664,21,352,239,5,11,0,19,17,59.03614458,0.7530120482,1.656626506,0,21.38554217,5.873493976,35.9939759,11.29518072
Boston,8,5,168,231,1,4,404,1638,124,659,8,40,4,613,190,1638,59,610,290,4,38,3,477,157,40.23199023,0.4884004884,2.442002442,0.2442002442,37.42368742,11.5995116,17.7045177,7.57020757
Boston,8,6,73,74,1,2,150,681,144,214,0,10,0,256,57,681,105,186,115,0,10,0,215,50,31.42437592,0,1.468428781,0,37.5917768,8.370044053,16.88693098,21.14537445
Boston,8,7,122,149,0,0,271,1084,183,635,11,10,0,156,89,1084,71,580,326,5,10,0,38,54,58.57933579,1.014760148,0.9225092251,0,14.39114391,8.210332103,30.07380074,16.88191882
Boston,9,1,268,332,0,15,615,2092,1030,302,11,436,1,248,64,2092,748,247,633,3,435,0,4,22,14.43594646,0.5258126195,20.84130019,0.04780114723,11.85468451,3.059273423,30.2581262,49.23518164
Boston,9,2,499,283,0,2,784,2267,1548,353,4,209,0,93,60,2267,1426,334,249,2,209,0,4,43,15.57123952,0.1764446405,9.219232466,0,4.102337891,2.646669607,10.98367887,68.28407587
Boston,9,3,454,443,2,3,902,3652,1396,1415,13,204,3,428,193,3652,1069,1228,1041,8,203,1,18,84,38.74589266,0.3559693319,5.585980285,0.08214676889,11.7196057,5.284775465,28.50492881,38.22562979
Boston,9,4,218,278,0,4,500,4580,2516,1102,31,402,0,354,175,4580,2235,981,834,16,401,0,23,90,24.06113537,0.6768558952,8.777292576,0,7.729257642,3.820960699,18.20960699,54.93449782
Boston,9,5,361,382,2,2,747,2282,357,1491,29,51,0,211,143,2282,226,1380,507,14,50,0,22,83,65.33742331,1.270815074,2.234881683,0,9.246275197,6.266432954,22.2173532,15.64417178
Boston,10,1,154,202,0,0,356,888,264,261,11,138,0,172,42,888,159,232,333,9,138,0,0,17,29.39189189,1.238738739,15.54054054,0,19.36936937,4.72972973,37.5,29.72972973
Boston,10,2,159,104,0,0,263,2579,1462,331,9,581,1,126,69,2579,1354,290,298,4,581,1,9,42,12.83443195,0.3489724699,22.52811167,0.03877471888,4.885614579,2.675455603,11.55486623,56.68863901
Boston,10,3,180,100,0,0,280,2020,1403,193,12,256,3,83,70,2020,1306,166,228,6,256,3,5,50,9.554455446,0.5940594059,12.67326733,0.1485148515,4.108910891,3.465346535,11.28712871,69.45544554
Boston,10,4,303,221,2,2,528,2606,1298,421,19,561,3,209,95,2606,1128,367,477,13,556,3,5,57,16.15502686,0.7290867229,21.52724482,0.1151189563,8.019953952,3.645433615,18.30391404,49.80813507
Boston,10,5,246,115,0,5,366,2078,1539,228,7,135,0,97,72,2078,1448,208,225,3,135,0,8,51,10.97208855,0.3368623677,6.496631376,0,4.667949952,3.464870067,10.82771896,74.06159769
Boston,10,6,277,163,1,1,442,1706,606,564,12,133,0,285,106,1706,386,472,665,1,130,0,6,46,33.05978898,0.7033997655,7.796014068,0,16.70574443,6.213364596,38.98007034,35.52168816
Boston,10,7,287,253,1,4,545,1809,582,580,26,43,0,435,143,1809,234,457,1030,5,42,0,14,27,32.06191266,1.437258154,2.37700387,0,24.04643449,7.904919845,56.93753455,32.17247098
Boston,10,8,548,227,1,8,784,2779,1583,582,4,394,2,122,92,2779,1407,538,385,4,390,1,7,47,20.94278517,0.1439366679,14.17776178,0.07196833393,4.39006837,3.310543361,13.85390428,56.96293631
Boston,10,9,775,195,0,4,974,2265,1646,182,13,145,0,206,73,2265,1417,141,520,1,145,0,11,30,8.035320088,0.5739514349,6.401766004,0,9.094922737,3.222958057,22.9580574,72.67108168
Boston,11,1,258,108,1,2,369,912,357,429,3,31,0,58,34,912,307,392,150,3,31,0,6,23,47.03947368,0.3289473684,3.399122807,0,6.359649123,3.728070175,16.44736842,39.14473684
Boston,11,2,292,300,1,3,596,1651,230,1090,25,21,2,196,87,1651,113,1016,442,8,21,2,11,38,66.02059358,1.514233798,1.27195639,0.1211387038,11.87159297,5.269533616,26.77165354,13.93095094
Boston,11,3,170,201,0,4,375,1385,196,891,9,13,1,195,80,1385,90,786,445,6,13,1,12,32,64.33212996,0.6498194946,0.9386281588,0.07220216606,14.07942238,5.776173285,32.1299639,14.15162455
Boston,11,4,457,228,3,2,690,2245,736,813,37,44,0,457,158,2245,406,709,1027,12,41,0,10,40,36.21380846,1.648106904,1.959910913,0,20.35634744,7.037861915,45.74610245,32.78396437
Boston,11,5,371,259,0,6,636,1825,711,596,15,26,0,377,100,1825,440,505,803,7,26,0,11,33,32.65753425,0.8219178082,1.424657534,0,20.65753425,5.479452055,44,38.95890411
Boston,11,6,487,111,0,1,599,1257,777,176,3,62,0,163,76,1257,646,127,399,1,61,0,7,16,14.00159109,0.2386634845,4.932378679,0,12.96738266,6.046141607,31.74224344,61.81384248
Boston,11,7,543,167,0,3,713,1955,1096,464,12,51,0,255,77,1955,938,424,487,3,51,0,10,42,23.73401535,0.6138107417,2.608695652,0,13.04347826,3.938618926,24.91048593,56.06138107
Boston,11,8,844,216,0,3,"1,063",1733,1185,223,10,153,1,106,55,1733,1081,196,253,3,153,1,13,33,12.8678592,0.577034045,8.828620889,0.0577034045,6.116560877,3.173687248,14.59896134,68.37853433
Boston,11,9,496,103,0,2,601,997,844,63,1,41,0,23,25,997,790,48,99,0,40,0,3,17,6.318956871,0.1003009027,4.112337011,0,2.306920762,2.507522568,9.929789368,84.65396189
Boston,11,10,603,97,0,3,703,1462,1096,145,2,69,0,110,40,1462,998,122,238,1,68,0,13,22,9.917920657,0.1367989056,4.719562244,0,7.523939808,2.735978112,16.27906977,74.96580027
Boston,12,1,213,351,1,3,568,1812,137,1380,11,33,0,166,85,1812,74,1328,307,10,32,0,12,49,76.1589404,0.6070640177,1.821192053,0,9.161147903,4.690949227,16.94260486,7.560706402
Boston,12,2,259,397,1,3,660,2361,171,1767,17,17,1,288,100,2361,39,1664,529,9,17,1,45,57,74.841169,0.7200338839,0.7200338839,0.04235493435,12.19822109,4.235493435,22.40576027,7.242693774
Boston,12,3,132,206,0,7,345,794,55,604,4,24,1,75,31,794,20,564,151,1,24,1,11,22,76.07052897,0.5037783375,3.022670025,0.1259445844,9.445843829,3.904282116,19.01763224,6.926952141
Boston,12,4,150,249,3,3,405,1235,100,884,6,3,2,178,62,1235,47,826,274,5,3,2,30,48,71.57894737,0.4858299595,0.2429149798,0.1619433198,14.41295547,5.020242915,22.18623482,8.097165992
Boston,12,5,117,180,0,0,297,860,48,684,10,2,0,86,30,860,15,655,151,6,1,0,12,20,79.53488372,1.162790698,0.2325581395,0,10,3.488372093,17.55813953,5.581395349
Boston,12,6,119,220,0,2,341,858,41,693,6,9,0,65,44,858,21,659,134,5,9,0,10,20,80.76923077,0.6993006993,1.048951049,0,7.575757576,5.128205128,15.61771562,4.778554779
Boston,12,7,245,365,5,11,626,3079,386,2016,22,19,0,507,129,3079,186,1876,914,15,18,0,12,58,65.47580383,0.7145177006,0.6170834687,0,16.46638519,4.189671971,29.68496265,12.53653784
Boston,12,8,108,118,0,2,228,950,82,668,8,3,0,146,43,950,33,630,244,8,3,0,10,22,70.31578947,0.8421052632,0.3157894737,0,15.36842105,4.526315789,25.68421053,8.631578947
Boston,12,9,153,189,0,7,349,1116,95,802,7,15,1,134,62,1116,23,764,268,4,15,1,9,32,71.86379928,0.6272401434,1.344086022,0.08960573477,12.00716846,5.555555556,24.01433692,8.512544803
Boston,13,1,131,301,1,2,435,1573,134,955,11,12,0,345,116,1573,41,851,458,8,11,0,130,74,60.71201526,0.6993006993,0.7628734901,0,21.93261284,7.374443738,29.11633821,8.518753973
Boston,13,2,46,101,0,2,149,673,82,389,19,10,1,114,58,673,14,351,232,2,8,0,28,38,57.80089153,2.823179792,1.485884101,0.1485884101,16.93907875,8.618127786,34.47251114,12.18424963
Boston,13,3,177,152,0,3,332,3145,1502,573,16,681,5,279,89,3145,1293,515,547,7,681,5,41,56,18.21939587,0.5087440382,21.65341812,0.1589825119,8.871224165,2.829888712,17.3926868,47.75834658
Boston,13,4,116,165,0,4,285,1261,188,717,8,10,0,238,100,1261,82,668,370,5,10,0,62,64,56.85963521,0.6344171293,0.7930214116,0,18.8739096,7.930214116,29.34179223,14.90880254
Boston,13,5,155,160,0,2,317,1352,334,529,5,11,2,346,125,1352,263,483,284,1,11,2,206,102,39.12721893,0.3698224852,0.8136094675,0.1479289941,25.59171598,9.24556213,21.00591716,24.70414201
Boston,13,6,270,181,0,6,457,1615,587,458,7,125,3,334,101,1615,517,420,272,4,125,3,196,78,28.35913313,0.4334365325,7.73993808,0.1857585139,20.68111455,6.253869969,16.84210526,36.34674923
Boston,13,7,284,135,2,8,429,1775,1010,199,1,431,0,79,55,1775,956,189,131,1,431,0,19,48,11.21126761,0.05633802817,24.28169014,0,4.450704225,3.098591549,7.38028169,56.90140845
Boston,13,8,282,109,1,2,394,1511,770,187,3,368,4,113,66,1511,719,172,146,3,366,0,49,56,12.37590999,0.1985440106,24.35473197,0.2647253475,7.478491066,4.367968233,9.662475182,50.95962938
Boston,13,9,299,178,0,2,479,1683,742,249,7,429,5,185,66,1683,692,228,170,6,428,0,103,56,14.79500891,0.4159239453,25.49019608,0.2970885324,10.9922757,3.921568627,10.1010101,44.08793821
Boston,13,10,444,298,5,13,760,1946,1510,122,0,218,2,46,48,1946,1466,116,95,0,218,2,10,39,6.269270298,0,11.2024666,0.1027749229,2.363823227,2.46659815,4.881808839,77.5950668
Boston,14,1,206,374,0,6,586,2866,279,1824,19,37,5,557,145,2866,48,1688,920,9,35,1,93,72,63.64270761,0.6629448709,1.290997906,0.1744591766,19.43475227,5.05931612,32.10048849,9.734822052
Boston,14,2,260,444,0,2,706,2695,142,2164,17,10,0,235,127,2695,42,2041,450,11,10,0,62,79,80.29684601,0.6307977737,0.3710575139,0,8.719851577,4.712430427,16.69758813,5.269016698
Boston,14,3,122,219,0,3,344,1549,75,1077,23,18,1,277,78,1549,20,987,459,17,18,1,11,36,69.52872821,1.484828922,1.162040026,0.06455777921,17.88250484,5.035506779,29.63202066,4.841833441
Boston,14,4,148,271,0,2,421,1654,124,1230,10,15,0,203,72,1654,49,1146,353,8,15,0,39,44,74.36517533,0.6045949214,0.9068923821,0,12.2732769,4.353083434,21.34220073,7.496977025
Boston,14,5,98,217,1,1,317,1439,36,1278,5,11,1,70,38,1439,9,1231,155,2,11,1,2,28,88.81167477,0.3474635163,0.7644197359,0.06949270327,4.864489229,2.640722724,10.77136901,2.501737318
Boston,14,6,100,206,1,1,308,1174,75,947,4,6,1,89,52,1174,41,878,211,2,6,0,11,25,80.66439523,0.3407155026,0.5110732538,0.08517887564,7.580919932,4.429301533,17.97274276,6.388415673
Boston,14,7,114,197,0,2,313,1388,94,1085,7,10,0,126,66,1388,20,1016,286,7,7,0,11,41,78.17002882,0.5043227666,0.7204610951,0,9.077809798,4.755043228,20.60518732,6.772334294
Boston,14,8,182,263,1,2,448,1494,147,1206,2,12,1,84,42,1494,93,1162,190,2,11,0,5,31,80.72289157,0.1338688086,0.8032128514,0.06693440428,5.62248996,2.81124498,12.71753681,9.83935743
Boston,14,9,90,215,0,0,305,1384,102,931,12,17,0,242,80,1384,13,844,459,5,17,0,19,27,67.26878613,0.8670520231,1.228323699,0,17.48554913,5.780346821,33.16473988,7.369942197
Boston,14,10,149,241,0,1,391,1937,205,1254,12,17,3,350,96,1937,26,1131,661,9,16,3,36,55,64.73928756,0.6195147135,0.8776458441,0.1548786784,18.06917914,4.956117708,34.12493547,10.58337636
Boston,14,11,149,246,0,3,398,1307,42,1065,3,10,0,121,66,1307,20,992,224,2,10,0,20,39,81.48431523,0.2295332823,0.7651109411,0,9.257842387,5.049732211,17.13848508,3.213465953
Boston,14,12,63,152,0,0,215,809,28,680,1,9,0,74,17,809,3,646,121,1,9,0,25,4,84.05438813,0.1236093943,1.112484549,0,9.147095179,2.101359703,14.95673671,3.461063041
Boston,14,13,118,235,0,1,354,1206,38,1024,6,11,0,73,54,1206,18,973,149,1,11,0,17,37,84.90878939,0.4975124378,0.912106136,0,6.053067993,4.47761194,12.35489221,3.150912106
Boston,14,14,161,226,0,0,387,1350,10,1203,3,5,0,86,43,1350,5,1127,179,2,5,0,3,29,89.11111111,0.2222222222,0.3703703704,0,6.37037037,3.185185185,13.25925926,0.7407407407
Boston,15,1,159,271,0,1,431,1938,266,969,9,44,0,507,143,1938,130,874,554,7,44,0,223,106,50,0.4643962848,2.270381837,0,26.16099071,7.37874097,28.58617131,13.7254902
Boston,15,2,107,155,0,2,264,1270,74,787,5,8,0,297,99,1270,34,749,206,3,8,0,176,94,61.96850394,0.3937007874,0.6299212598,0,23.38582677,7.795275591,16.22047244,5.826771654
Boston,15,3,74,94,0,0,168,875,75,418,3,31,0,260,88,875,56,383,164,3,28,0,163,78,47.77142857,0.3428571429,3.542857143,0,29.71428571,10.05714286,18.74285714,8.571428571
Boston,15,4,240,258,1,11,510,2477,366,912,2,389,1,562,245,2477,262,855,397,2,389,0,366,206,36.81873234,0.08074283407,15.70448123,0.04037141704,22.68873637,9.890997174,16.02745256,14.77593864
Boston,15,5,131,224,0,0,355,1661,214,964,13,92,0,261,117,1661,72,878,422,7,92,0,115,75,58.03732691,0.7826610476,5.538832029,0,15.71342565,7.043949428,25.4063817,12.88380494
Boston,15,6,113,99,1,1,214,1038,329,154,1,459,0,57,38,1038,313,144,75,1,459,0,11,35,14.83622351,0.09633911368,44.21965318,0,5.49132948,3.66088632,7.225433526,31.6955684
Boston,15,7,135,162,1,4,302,1305,165,660,3,22,0,329,126,1305,126,608,222,1,21,0,228,99,50.57471264,0.2298850575,1.685823755,0,25.21072797,9.655172414,17.01149425,12.64367816
Boston,15,8,107,132,0,2,241,1319,208,562,6,302,2,169,70,1319,133,531,236,6,300,2,56,55,42.60803639,0.4548900682,22.89613343,0.1516300227,12.81273692,5.307050796,17.89234268,15.76952237
Boston,15,9,130,125,1,3,259,1362,266,472,5,353,1,200,65,1362,239,457,181,3,351,0,90,41,34.65491924,0.3671071953,25.91776799,0.07342143906,14.68428781,4.772393539,13.28928047,19.53010279
Boston,16,1,169,121,2,3,295,1581,388,444,5,566,0,125,53,1581,327,419,192,4,561,0,35,43,28.08349146,0.3162555345,35.8001265,0,7.906388362,3.352308665,12.14421252,24.54142948
Boston,16,2,171,126,2,2,301,961,580,123,2,187,0,49,20,961,546,115,76,1,187,0,24,12,12.79916753,0.2081165453,19.45889698,0,5.098855359,2.081165453,7.90842872,60.35379813
Boston,16,3,240,210,0,3,453,1745,341,736,5,475,0,109,79,1745,313,709,122,2,475,0,58,66,42.17765043,0.2865329513,27.22063037,0,6.246418338,4.52722063,6.991404011,19.54154728
Boston,16,4,216,181,0,2,399,2177,685,688,9,481,0,211,103,2177,624,657,210,5,477,0,120,84,31.60312356,0.4134129536,22.09462563,0,9.692237023,4.73128158,9.646302251,31.46531925
Boston,16,5,266,216,0,2,484,1213,723,186,4,178,0,85,37,1213,688,167,126,2,178,0,24,28,15.33388293,0.3297609233,14.67436109,0,7.007419621,3.050288541,10.38746908,59.60428689
Boston,16,6,320,237,2,4,563,2277,580,881,4,577,1,146,88,2277,502,816,260,3,577,1,57,61,38.69126043,0.1756697409,25.34036012,0.04391743522,6.411945542,3.8647343,11.41853316,25.47211243
Boston,16,7,266,190,3,13,472,1361,1032,184,3,93,2,36,11,1361,1006,170,61,2,91,2,19,10,13.51947098,0.2204261572,6.833210874,0.1469507715,2.645113887,0.8082292432,4.48199853,75.82659809
Boston,16,8,331,253,1,10,595,1548,922,358,7,162,0,42,57,1548,901,331,93,7,161,0,10,45,23.12661499,0.4521963824,10.46511628,0,2.713178295,3.682170543,6.007751938,59.56072351
Boston,16,9,274,251,5,23,553,1655,1514,55,3,51,0,15,17,1655,1490,54,45,0,51,0,2,13,3.32326284,0.1812688822,3.081570997,0,0.9063444109,1.027190332,2.719033233,91.48036254
Boston,16,10,220,187,3,13,423,1559,1191,184,1,116,2,32,33,1559,1158,174,70,1,116,1,10,29,11.80243746,0.06414368185,7.440667094,0.1282873637,2.052597819,2.116741501,4.490057729,76.39512508
Boston,16,11,296,267,3,12,578,1575,1084,283,5,140,0,33,30,1575,1049,272,78,5,135,0,14,22,17.96825397,0.3174603175,8.888888889,0,2.095238095,1.904761905,4.952380952,68.82539683
Boston,16,12,227,289,6,36,558,1289,1208,46,4,16,0,9,6,1289,1197,45,15,4,16,0,6,6,3.568657874,0.310318076,1.241272304,0,0.6982156711,0.465477114,1.163692785,93.71605896
Boston,17,1,117,203,0,3,323,1313,132,961,16,4,0,132,68,1313,44,927,243,4,4,0,32,59,73.19116527,1.218583397,0.3046458492,0,10.05331302,5.178979436,18.50723534,10.05331302
Boston,17,2,111,161,0,3,275,983,85,617,6,93,2,124,56,983,55,563,176,1,91,0,51,46,62.76703967,0.6103763988,9.460834181,0.2034587996,12.61444557,5.696846389,17.90437436,8.646998983
Boston,17,3,302,338,1,2,643,1996,338,1383,2,40,3,151,79,1996,267,1330,273,1,40,0,35,50,69.28857715,0.1002004008,2.004008016,0.1503006012,7.565130261,3.957915832,13.67735471,16.93386774
Boston,17,4,372,416,2,12,802,2105,514,1236,10,160,0,102,83,2105,492,1190,145,10,158,0,45,65,58.71733967,0.4750593824,7.600950119,0,4.845605701,3.942992874,6.888361045,24.41805226
Boston,17,5,86,157,0,0,243,981,48,777,9,17,1,86,43,981,20,718,189,3,17,1,6,27,79.20489297,0.9174311927,1.732925586,0.1019367992,8.76656473,4.383282365,19.26605505,4.892966361
Boston,17,6,271,227,1,3,502,1526,386,790,10,130,1,137,72,1526,329,745,220,8,130,0,36,58,51.76933159,0.6553079948,8.519003932,0.06553079948,8.977719528,4.718217562,14.41677588,25.2948886
Boston,17,7,93,153,0,5,251,803,44,684,4,10,0,28,33,803,40,660,59,3,10,0,12,19,85.18057285,0.498132005,1.245330012,0,3.486924035,4.109589041,7.347447073,5.479452055
Boston,17,8,159,275,1,1,436,1261,100,1002,9,10,0,91,49,1261,59,958,191,2,10,0,14,27,79.46074544,0.7137192704,0.7930214116,0,7.216494845,3.885804917,15.14670896,7.930214116
Boston,17,9,261,164,0,3,428,1032,430,463,3,55,0,49,32,1032,387,444,97,3,55,0,18,28,44.86434109,0.2906976744,5.329457364,0,4.748062016,3.100775194,9.399224806,41.66666667
Boston,17,10,199,349,1,2,551,1842,111,1537,5,13,0,116,60,1842,68,1471,197,4,13,0,37,52,83.44191097,0.2714440825,0.7057546145,0,6.297502714,3.25732899,10.69489685,6.026058632
Boston,17,11,128,114,0,1,243,708,103,486,1,41,0,54,23,708,86,468,66,1,41,0,31,15,68.6440678,0.1412429379,5.790960452,0,7.627118644,3.248587571,9.322033898,14.5480226
Boston,17,12,181,218,1,1,401,1011,132,750,2,45,0,45,37,1011,120,729,76,2,42,0,16,26,74.18397626,0.1978239367,4.451038576,0,4.451038576,3.659742829,7.517309594,13.05637982
Boston,17,13,309,213,3,8,533,1535,840,458,2,121,0,52,62,1535,812,440,96,2,120,0,14,51,29.83713355,0.1302931596,7.882736156,0,3.38762215,4.039087948,6.254071661,54.72312704
Boston,17,14,306,267,1,1,575,1412,429,821,0,70,3,45,44,1412,397,792,106,0,70,0,17,30,58.14447592,0,4.957507082,0.2124645892,3.186968839,3.116147309,7.507082153,30.38243626
Boston,18,1,252,549,1,8,810,2382,221,1849,20,28,0,174,90,2382,166,1748,358,9,28,0,22,51,77.62384551,0.8396305626,1.175482788,0,7.304785894,3.778337531,15.02938707,9.277917716
Boston,18,2,178,367,1,1,547,1772,46,1598,8,17,1,51,51,1772,22,1544,131,4,16,0,12,43,90.18058691,0.4514672686,0.9593679458,0.05643340858,2.878103837,2.878103837,7.392776524,2.595936795
Boston,18,3,218,422,0,7,647,2048,98,1776,19,18,2,68,67,2048,51,1727,178,15,17,2,7,51,86.71875,0.927734375,0.87890625,0.09765625,3.3203125,3.271484375,8.69140625,4.78515625
Boston,18,4,246,405,0,1,652,2024,96,1764,5,9,0,95,55,2024,70,1711,168,5,9,0,21,40,87.1541502,0.2470355731,0.4446640316,0,4.693675889,2.717391304,8.300395257,4.743083004
Boston,18,5,248,473,1,10,732,1923,104,1681,24,4,0,56,54,1923,82,1630,147,10,4,0,13,37,87.41549662,1.248049922,0.2080083203,0,2.912116485,2.808112324,7.644305772,5.408216329
Boston,18,6,308,572,0,10,890,1999,171,1672,8,13,0,69,66,1999,110,1632,184,7,13,0,6,47,83.64182091,0.4002001001,0.6503251626,0,3.451725863,3.301650825,9.204602301,8.554277139
Boston,18,7,249,335,1,5,590,1688,621,653,18,62,0,277,57,1688,410,584,587,8,59,0,17,23,38.68483412,1.066350711,3.672985782,0,16.40995261,3.376777251,34.77488152,36.78909953
Boston,18,8,443,544,0,7,994,3041,859,1642,15,58,2,356,109,3041,566,1548,791,5,57,2,16,56,53.99539625,0.4932587964,1.907267346,0.06576783953,11.70667544,3.584347254,26.01118053,28.24728708
Boston,18,9,390,255,3,7,655,1606,960,372,7,41,1,160,65,1606,847,345,318,6,40,1,18,31,23.16313823,0.4358655044,2.552926526,0.06226650062,9.9626401,4.04732254,19.8007472,59.7758406
Boston,18,10,697,335,0,7,"1,039",2337,1576,371,13,89,0,212,76,2337,1364,351,470,5,87,0,25,35,15.87505349,0.5562687206,3.808301241,0,9.071459136,3.25203252,20.11125374,67.4368849
Boston,18,11,213,250,1,5,469,1410,415,707,9,29,0,194,56,1410,298,664,390,4,28,0,7,19,50.14184397,0.6382978723,2.056737589,0,13.75886525,3.971631206,27.65957447,29.43262411
Boston,18,12,286,325,4,11,626,1777,951,600,11,40,1,114,60,1777,803,561,342,8,38,1,3,21,33.76477209,0.6190208216,2.250984806,0.05627462015,6.415306697,3.376477209,19.24592009,53.51716376
Boston,18,13,146,198,1,3,348,1147,381,578,3,33,0,116,36,1147,286,546,246,2,33,0,13,21,50.39232781,0.2615518745,2.877070619,0,10.11333915,3.138622493,21.44725371,33.21708806
Boston,18,14,147,211,0,2,360,1284,345,692,5,23,0,169,50,1284,222,647,349,2,20,0,17,27,53.894081,0.3894080997,1.791277259,0,13.16199377,3.894080997,27.18068536,26.86915888
Boston,18,15,258,382,1,5,646,1723,301,1195,6,20,0,151,50,1723,215,1131,330,5,20,0,4,18,69.35577481,0.3482298317,1.160766106,0,8.763784098,2.901915264,19.15264074,17.46952989
Boston,18,16,400,387,2,22,811,1733,1194,380,8,39,5,73,34,1733,1118,355,191,2,38,0,7,22,21.92729371,0.461627236,2.250432776,0.2885170225,4.212348529,1.961915753,11.02135026,68.89786497
Boston,18,17,266,330,4,8,608,1650,689,665,10,44,1,171,70,1650,576,616,374,4,44,1,7,28,40.3030303,0.6060606061,2.666666667,0.06060606061,10.36363636,4.242424242,22.66666667,41.75757576
Boston,18,18,292,449,2,20,763,2356,1007,985,6,17,4,253,84,2356,827,913,537,4,17,0,16,42,41.80814941,0.2546689304,0.7215619694,0.1697792869,10.7385399,3.565365025,22.79286927,42.74193548
Boston,18,19,458,493,5,18,974,2594,1046,1180,8,70,3,199,88,2594,864,1125,467,3,68,0,17,50,45.48959136,0.3084040093,2.698535081,0.1156515035,7.67154973,3.392444102,18.00308404,40.32382421
Boston,18,20,356,471,5,47,879,2279,1486,518,5,42,1,169,58,2279,1417,490,254,4,42,1,38,33,22.72926722,0.2193944713,1.842913559,0.04387889425,7.415533129,2.544975867,11.14523914,65.20403686
Boston,18,21,290,470,3,5,768,2119,111,1810,11,2,0,123,62,2119,61,1748,237,7,1,0,20,45,85.41764983,0.5191127891,0.09438414346,0,5.804624823,2.925908447,11.184521,5.238319962
Boston,18,22,424,328,1,23,776,1753,1115,385,4,32,2,162,53,1753,945,355,387,1,28,2,10,25,21.96235026,0.2281802624,1.825442099,0.1140901312,9.241300627,3.023388477,22.07644039,63.60524815
Boston,18,23,151,288,0,2,441,1195,255,743,6,11,0,148,32,1195,165,696,305,0,11,0,8,10,62.17573222,0.5020920502,0.9205020921,0,12.38493724,2.677824268,25.52301255,21.33891213
Boston,19,1,639,110,1,2,752,1990,1588,118,17,69,0,112,86,1990,1438,104,327,4,67,0,10,40,5.929648241,0.8542713568,3.467336683,0,5.628140704,4.32160804,16.4321608,79.79899497
Boston,19,2,579,242,1,7,829,1878,1545,87,7,177,0,15,47,1878,1497,83,82,6,175,0,0,35,4.632587859,0.3727369542,9.424920128,0,0.7987220447,2.502662407,4.366347178,82.26837061
Boston,19,3,521,122,1,2,646,1308,1121,61,4,65,3,19,35,1308,1080,59,66,0,64,3,6,30,4.663608563,0.3058103976,4.96941896,0.2293577982,1.452599388,2.675840979,5.04587156,85.70336391
Boston,19,4,783,139,0,0,922,1234,1038,61,3,41,0,48,43,1234,980,57,114,2,41,0,5,35,4.943273906,0.2431118314,3.322528363,0,3.889789303,3.484602917,9.238249595,84.11669368
Boston,19,5,612,132,0,1,745,1582,1239,158,8,70,0,71,36,1582,1125,143,209,5,70,0,8,22,9.987357775,0.5056890013,4.424778761,0,4.487989886,2.275600506,13.21112516,78.31858407
Boston,19,6,870,154,1,5,"1,030",1665,1390,123,8,69,0,33,42,1665,1319,110,125,6,69,0,6,30,7.387387387,0.4804804805,4.144144144,0,1.981981982,2.522522523,7.507507508,83.48348348
Boston,19,7,697,168,0,2,867,1717,1105,211,8,136,0,184,73,1717,941,198,388,2,136,0,11,41,12.28887595,0.4659289458,7.920792079,0,10.71636575,4.251601631,22.59755387,64.35643564
Boston,19,8,419,89,0,1,509,843,754,27,1,28,0,12,21,843,728,27,38,1,28,0,4,17,3.202846975,0.118623962,3.321470937,0,1.423487544,2.491103203,4.507710558,89.44246738
Boston,19,9,399,96,0,1,496,844,707,40,1,66,0,11,19,844,661,39,60,0,66,0,3,15,4.739336493,0.1184834123,7.819905213,0,1.303317536,2.251184834,7.109004739,83.76777251
Boston,19,10,536,287,0,2,825,1817,1097,474,6,36,3,142,59,1817,928,425,394,4,35,3,6,22,26.08695652,0.3302146395,1.981287837,0.1651073198,7.815079802,3.247110622,21.68409466,60.37424326
Boston,19,11,192,176,0,2,370,1386,469,390,7,73,0,364,83,1386,232,342,694,2,73,0,7,36,28.13852814,0.5050505051,5.266955267,0,26.26262626,5.988455988,50.07215007,33.83838384
Boston,19,12,451,154,1,2,608,1133,750,237,7,19,1,74,45,1133,656,220,212,5,18,1,1,20,20.91791703,0.6178287732,1.676963813,0.08826125331,6.531332745,3.971756399,18.7113857,66.19593998
Boston,19,13,266,161,0,0,427,1850,792,581,10,42,5,321,99,1850,516,516,732,2,42,4,9,29,31.40540541,0.5405405405,2.27027027,0.2702702703,17.35135135,5.351351351,39.56756757,42.81081081
Boston,20,1,526,210,2,4,742,1872,1672,79,4,55,0,44,18,1872,1603,71,115,1,54,0,13,15,4.22008547,0.2136752137,2.938034188,0,2.35042735,0.9615384615,6.143162393,89.31623932
Boston,20,2,510,210,3,3,726,1786,1285,248,9,67,0,120,57,1786,1129,218,333,3,66,0,7,30,13.88577828,0.5039193729,3.751399776,0,6.718924972,3.191489362,18.6450168,71.94848824
Boston,20,3,288,302,2,10,602,1967,1118,543,4,121,0,133,48,1967,1001,508,298,4,121,0,7,28,27.60549059,0.2033553635,6.151499746,0,6.761565836,2.440264362,15.14997458,56.8378241
Boston,20,4,581,139,1,1,722,1132,972,74,0,21,0,42,23,1132,941,69,85,0,21,0,3,13,6.537102473,0,1.855123675,0,3.71024735,2.03180212,7.508833922,85.86572438
Boston,20,5,319,302,5,13,639,2961,2444,180,6,183,1,106,41,2961,2324,161,245,4,183,1,10,33,6.079027356,0.2026342452,6.180344478,0.0337723742,3.579871665,1.384667342,8.274231678,82.53968254
Boston,20,6,517,264,6,9,796,1978,1797,67,8,64,1,17,24,1978,1735,67,82,7,63,1,3,20,3.387259858,0.4044489383,3.235591507,0.05055611729,0.8594539939,1.213346815,4.145601618,90.84934277
Boston,20,7,356,164,2,3,525,1072,977,41,4,28,0,13,9,1072,933,37,62,4,28,0,2,6,3.824626866,0.3731343284,2.611940299,0,1.212686567,0.8395522388,5.78358209,91.1380597
Boston,20,8,402,177,0,2,581,1391,1117,113,8,45,0,70,38,1391,1056,102,162,1,45,0,2,23,8.123652049,0.5751258088,3.235082674,0,5.032350827,2.731847592,11.64629763,80.30194105
Boston,20,9,402,194,3,8,607,1481,1136,188,1,14,0,109,33,1481,1027,176,243,0,14,0,7,14,12.69412559,0.06752194463,0.9453072248,0,7.359891965,2.228224173,16.40783255,76.7049291
Boston,20,10,488,301,4,6,799,1488,1248,71,0,95,1,53,20,1488,1191,60,122,0,94,1,8,12,4.771505376,0,6.384408602,0.06720430108,3.561827957,1.344086022,8.198924731,83.87096774
Boston,20,11,282,143,1,0,426,816,732,22,0,40,1,7,14,816,708,18,35,0,40,1,1,13,2.696078431,0,4.901960784,0.1225490196,0.8578431373,1.715686275,4.289215686,89.70588235
Boston,20,12,298,209,3,6,516,1044,989,15,0,30,0,5,5,1044,974,14,23,0,30,0,0,3,1.436781609,0,2.873563218,0,0.4789272031,0.4789272031,2.203065134,94.73180077
Boston,20,13,295,155,1,7,458,952,858,19,0,56,1,12,6,952,842,19,29,0,56,1,3,2,1.995798319,0,5.882352941,0.1050420168,1.260504202,0.6302521008,3.046218487,90.12605042
Boston,20,14,293,162,1,3,459,915,845,18,1,36,0,6,9,915,828,13,28,1,36,0,1,8,1.967213115,0.1092896175,3.93442623,0,0.6557377049,0.9836065574,3.06010929,92.34972678
Boston,20,15,352,276,3,6,637,2041,1593,160,7,186,0,69,26,2041,1525,140,154,4,185,0,8,25,7.839294463,0.3429691328,9.113179814,0,3.380695737,1.27388535,7.545320921,78.0499755
Boston,20,16,374,294,6,9,683,2031,1704,87,2,164,2,45,27,2031,1640,79,126,0,164,1,8,13,4.283604136,0.0984736583,8.07483998,0.0984736583,2.215657312,1.329394387,6.203840473,83.89955687
Boston,20,17,491,309,7,14,821,1926,1763,55,1,84,0,6,17,1926,1708,52,70,0,84,0,0,12,2.855659398,0.05192107996,4.361370717,0,0.3115264798,0.8826583593,3.634475597,91.53686397
Boston,20,18,301,131,1,11,444,1041,908,48,7,59,0,8,11,1041,880,45,45,2,59,0,5,5,4.610951009,0.6724303554,5.667627281,0,0.7684918348,1.056676273,4.322766571,87.22382325
Boston,20,19,270,177,1,5,453,1038,961,11,0,56,0,4,6,1038,927,10,41,0,56,0,2,2,1.05973025,0,5.394990366,0,0.3853564547,0.5780346821,3.949903661,92.58188825
Boston,20,20,467,246,4,7,724,2367,1882,102,1,283,0,50,49,2367,1796,97,135,1,283,0,15,40,4.309252218,0.04224757076,11.95606253,0,2.112378538,2.070130967,5.703422053,79.50992818
Boston,21,1,439,138,0,2,579,3936,2804,140,8,776,5,78,125,3936,2608,132,298,7,773,3,14,101,3.556910569,0.2032520325,19.71544715,0.1270325203,1.981707317,3.175813008,7.571138211,71.2398374
Boston,21,2,72,24,0,0,96,6796,4675,223,3,1512,0,115,268,6796,4319,204,525,2,1500,0,20,226,3.281341966,0.04414361389,22.2483814,0,1.692171866,3.943496174,7.725132431,68.79046498
Boston,21,3,280,58,0,1,339,3700,2379,137,6,956,1,101,120,3700,2212,127,256,5,946,1,46,107,3.702702703,0.1621621622,25.83783784,0.02702702703,2.72972973,3.243243243,6.918918919,64.2972973
Boston,21,4,274,33,0,1,308,2966,1914,77,2,596,1,240,136,2966,1775,76,326,1,594,1,101,92,2.596089009,0.06743088334,20.09440324,0.03371544167,8.091706001,4.585300067,10.99123399,64.53135536
Boston,21,5,464,85,0,2,551,2668,1915,106,2,511,3,64,67,2668,1792,98,184,0,507,2,29,56,3.973013493,0.07496251874,19.15292354,0.1124437781,2.3988006,2.511244378,6.896551724,71.77661169
Boston,21,6,346,71,1,7,425,2860,2162,94,5,405,3,108,83,2860,2024,89,216,2,404,3,51,71,3.286713287,0.1748251748,14.16083916,0.1048951049,3.776223776,2.902097902,7.552447552,75.59440559
Boston,21,7,362,163,0,1,526,1555,1017,152,5,207,3,107,64,1555,858,131,290,2,206,3,16,49,9.774919614,0.3215434084,13.31189711,0.192926045,6.881028939,4.115755627,18.64951768,65.40192926
Boston,21,8,544,121,2,2,669,2811,2080,124,6,433,1,104,63,2811,1981,118,196,2,432,1,31,50,4.411241551,0.2134471718,15.4037709,0.03557452864,3.699750978,2.241195304,6.972607613,73.99501957
Boston,21,9,492,137,0,5,634,2881,1824,255,11,555,1,140,95,2881,1691,230,304,4,553,1,24,74,8.85109337,0.3818118709,19.26414439,0.03471017008,4.859423811,3.297466158,10.5518917,63.31135023
Boston,21,10,367,128,0,6,501,2112,1504,152,2,313,1,74,66,2112,1399,134,214,1,311,1,7,45,7.196969697,0.0946969697,14.82007576,0.04734848485,3.503787879,3.125,10.13257576,71.21212121
Boston,21,11,491,108,0,5,604,2664,1982,82,4,465,0,67,64,2664,1890,76,161,2,465,0,18,52,3.078078078,0.1501501502,17.45495495,0,2.515015015,2.402402402,6.043543544,74.3993994
Boston,21,12,435,161,2,6,604,2414,2051,85,2,198,2,36,40,2414,1972,76,126,1,196,2,8,33,3.521126761,0.08285004143,8.202154101,0.08285004143,1.491300746,1.657000829,5.21955261,84.96271748
Boston,21,13,448,186,0,3,637,2772,2133,52,1,502,1,39,44,2772,2088,48,76,0,502,1,17,40,1.875901876,0.03607503608,18.10966811,0.03607503608,1.406926407,1.587301587,2.741702742,76.94805195
Boston,21,14,304,62,0,2,368,1528,1253,44,2,175,0,20,34,1528,1197,42,83,2,175,0,2,27,2.879581152,0.1308900524,11.45287958,0,1.308900524,2.22513089,5.431937173,82.0026178
Boston,21,15,399,65,0,3,467,1905,1545,54,6,236,2,32,30,1905,1488,53,87,4,235,2,11,25,2.834645669,0.3149606299,12.38845144,0.1049868766,1.679790026,1.57480315,4.566929134,81.1023622
Boston,21,16,442,147,1,1,591,5369,4299,265,4,567,0,88,146,5369,4024,248,393,4,564,0,11,125,4.935742224,0.07450176942,10.56062581,0,1.639038927,2.719314584,7.319798845,80.07077668
Boston,22,1,519,123,0,3,645,5112,3220,357,17,1026,1,278,213,5112,2804,315,712,8,1022,1,68,182,6.983568075,0.3325508607,20.07042254,0.01956181534,5.438184664,4.166666667,13.92801252,62.98904538
Boston,22,2,627,206,1,5,839,2937,1933,163,8,404,2,315,112,2937,1738,146,480,3,401,2,98,69,5.549880831,0.2723867892,13.75553286,0.06809669731,10.72522983,3.813415049,16.34320735,65.81545795
Boston,22,3,527,173,1,2,703,2369,1875,78,3,306,0,73,34,2369,1787,70,157,3,305,0,21,26,3.292528493,0.1266357113,12.91684255,0,3.081468974,1.435204728,6.62726889,79.14731954
Boston,22,4,405,145,2,4,556,1406,1133,57,0,154,0,42,20,1406,1085,55,87,0,151,0,10,18,4.054054054,0,10.95305832,0,2.987197724,1.422475107,6.187766714,80.58321479
Boston,22,5,281,119,1,1,402,1642,1010,116,3,185,0,251,77,1642,894,99,270,1,184,0,136,58,7.06455542,0.1827040195,11.26674787,0,15.2862363,4.689403167,16.44336175,61.51035323
Boston,22,6,317,105,0,7,429,1585,1157,41,1,221,0,117,48,1585,1066,32,169,1,221,0,58,38,2.586750789,0.06309148265,13.94321767,0,7.38170347,3.028391167,10.66246057,72.99684543
Boston,22,7,454,139,0,1,594,2079,1628,118,4,160,1,121,47,2079,1552,109,164,3,159,1,52,39,5.675805676,0.1924001924,7.696007696,0.0481000481,5.82010582,2.260702261,7.888407888,78.30687831
Boston,22,8,268,122,1,1,392,2065,1583,61,1,357,0,26,37,2065,1505,58,108,1,354,0,8,31,2.953995157,0.04842615012,17.28813559,0,1.259079903,1.791767554,5.230024213,76.65859564
Boston,22,9,367,134,1,11,513,2018,1564,40,0,319,2,33,60,2018,1498,37,99,0,319,2,11,52,1.982160555,0,15.80773043,0.09910802775,1.635282458,2.973240833,4.905847374,77.5024777
Boston,22,10,478,168,1,6,653,2442,1984,90,1,250,0,73,44,2442,1842,81,207,1,248,0,34,29,3.685503686,0.04095004095,10.23751024,0,2.989352989,1.801801802,8.476658477,81.24488124
Boston,22,11,287,119,1,2,409,1315,1019,66,5,155,0,29,41,1315,949,64,109,1,152,0,12,28,5.019011407,0.3802281369,11.78707224,0,2.205323194,3.117870722,8.288973384,77.4904943
Boston,22,12,263,145,2,4,414,1646,1007,164,8,242,1,158,66,1646,903,138,299,5,242,0,29,30,9.963547995,0.4860267315,14.70230863,0.06075334143,9.599027947,4.009720535,18.16524909,61.17861482