District,0.5_miles,1_miles,5_miles,25_miles
Middlesex and Worcester,2.0,7.0,141.0,353.0
"Worcester, Hampden, Hampshire and Middlesex",7.0,42.0,638.0,1082.0
Second Worcester,9.0,28.0,210.0,252.0
"Berkshire, Hampshire, Franklin and Hampden",15.0,38.0,356.0,881.0
First Hampden and Hampshire,8.0,14.0,170.0,274.0
Worcester and Middlesex,9.0,40.0,364.0,442.0
"Hampshire, Franklin and Worcester",6.0,43.0,306.0,814.0
Worcester and Norfolk,28.0,54.0,311.0,474.0
Third Middlesex,3.0,15.0,180.0,205.0
Hampden,105.0,175.0,233.0,233.0
Second Hampden and Hampshire,8.0,27.0,200.0,242.0
Second Bristol and Plymouth,17.0,180.0,418.0,422.0
First Essex and Middlesex,5.0,19.0,124.0,406.0
First Bristol and Plymouth,7.0,33.0,235.0,326.0
Bristol and Norfolk,48.0,66.0,308.0,415.0
"Norfolk, Bristol and Middlesex",18.0,43.0,212.0,264.0
Plymouth and Barnstable,30.0,60.0,297.0,412.0
First Worcester,44.0,57.0,415.0,733.0
Fifth Middlesex,11.0,20.0,56.0,56.0
Cape and Islands,75.0,152.0,410.0,487.0
First Middlesex and Norfolk,55.0,102.0,216.0,216.0
"Norfolk, Bristol and Plymouth",1.0,2.0,119.0,258.0
Middlesex and Suffolk,69.0,104.0,132.0,132.0
Second Middlesex and Norfolk,19.0,62.0,400.0,451.0
Fourth Middlesex,5.0,17.0,89.0,89.0
Third Essex,102.0,131.0,174.0,174.0
Norfolk and Suffolk,86.0,130.0,236.0,257.0
Second Plymouth and Bristol,96.0,129.0,174.0,225.0
First Plymouth and Bristol,65.0,133.0,758.0,979.0
Second Essex and Middlesex,7.0,16.0,129.0,129.0
Plymouth and Norfolk,1.0,3.0,56.0,140.0
Second Essex,20.0,92.0,221.0,223.0
Norfolk and Plymouth,10.0,49.0,196.0,196.0
Second Suffolk and Middlesex,64.0,80.0,127.0,127.0
First Essex,2.0,7.0,26.0,160.0
First Middlesex,170.0,310.0,440.0,566.0
First Suffolk and Middlesex,77.0,107.0,214.0,214.0
Second Middlesex,56.0,110.0,176.0,176.0
