District,0.5_miles,1_miles,5_miles,25_miles
12th Hampden District,0.0,0.0,20.0,20.0
7th Middlesex District,3.0,32.0,163.0,163.0
6th Essex District,0.0,0.0,28.0,35.0
28th Middlesex District,0.0,0.0,38.0,38.0
3rd Worcester District,3.0,10.0,97.0,97.0
11th Essex District,0.0,0.0,68.0,97.0
6th Plymouth District,0.0,1.0,31.0,61.0
29th Middlesex District,1.0,4.0,54.0,54.0
21st Middlesex District,0.0,1.0,49.0,49.0
8th Plymouth District,0.0,0.0,0.0,197.0
6th Norfolk District,2.0,10.0,120.0,120.0
36th Middlesex District,0.0,3.0,45.0,49.0
3rd Bristol District,0.0,0.0,104.0,416.0
11th Plymouth District,0.0,0.0,18.0,41.0
7th Bristol District,18.0,35.0,46.0,46.0
3rd Essex District,6.0,18.0,31.0,31.0
2nd Essex District,5.0,14.0,145.0,147.0
15th Essex District,2.0,19.0,31.0,31.0
3rd Middlesex District,0.0,0.0,5.0,19.0
7th Norfolk District,0.0,0.0,22.0,22.0
12th Suffolk District,0.0,0.0,8.0,8.0
1st Norfolk District,0.0,3.0,60.0,60.0
5th Norfolk District,2.0,3.0,8.0,8.0
17th Essex District,0.0,2.0,15.0,15.0
5th Bristol District,2.0,11.0,74.0,78.0
10th Essex District,0.0,0.0,23.0,23.0
9th Essex District,0.0,0.0,15.0,15.0
4th Bristol District,0.0,1.0,110.0,167.0
31st Middlesex District,2.0,2.0,2.0,2.0
11th Middlesex District,0.0,0.0,14.0,60.0
12th Middlesex District,0.0,3.0,81.0,86.0
2nd Barnstable District,0.0,0.0,5.0,86.0
9th Plymouth District,0.0,0.0,105.0,105.0
33rd Middlesex District,0.0,0.0,2.0,2.0
32nd Middlesex District,0.0,3.0,25.0,25.0
12th Essex District,5.0,20.0,41.0,41.0
1st Essex District,0.0,0.0,91.0,94.0
22nd Middlesex District,0.0,2.0,22.0,22.0
5th Hampden District,0.0,0.0,0.0,58.0
16th Essex District,0.0,0.0,12.0,12.0
14th Essex District,0.0,0.0,2.0,2.0
4th Worcester District,0.0,2.0,51.0,57.0
18th Middlesex District,0.0,2.0,133.0,133.0
10th Bristol District,4.0,12.0,50.0,95.0
13th Bristol District,0.0,0.0,75.0,75.0
3rd Berkshire District,0.0,0.0,0.0,0.0
2nd Norfolk District,9.0,45.0,83.0,83.0
13th Suffolk District,0.0,0.0,6.0,6.0
5th Plymouth District,0.0,0.0,2.0,14.0
19th Suffolk District,1.0,3.0,155.0,155.0
10th Suffolk District,0.0,0.0,3.0,3.0
15th Norfolk District,0.0,1.0,1.0,1.0
25th Middlesex District,0.0,1.0,31.0,31.0
26th Middlesex District,0.0,0.0,76.0,76.0
8th Suffolk District,0.0,3.0,11.0,11.0
6th Middlesex District,1.0,13.0,69.0,69.0
35th Middlesex District,3.0,9.0,19.0,19.0
34th Middlesex District,0.0,8.0,31.0,31.0
7th Essex District,0.0,0.0,89.0,89.0
27th Middlesex District,0.0,0.0,25.0,25.0
8th Norfolk District,0.0,1.0,69.0,71.0
10th Worcester District,0.0,0.0,1.0,40.0
5th Middlesex District,0.0,0.0,158.0,187.0
12th Plymouth District,0.0,0.0,0.0,92.0
1st Plymouth District,0.0,0.0,4.0,105.0
5th Barnstable District,5.0,12.0,80.0,85.0
1st Worcester District,1.0,4.0,162.0,527.0
20th Middlesex District,0.0,0.0,14.0,14.0
30th Middlesex District,0.0,0.0,17.0,17.0
1st Franklin District,0.0,3.0,131.0,454.0
"Barnstable, Dukes and Nantucket District",0.0,0.0,0.0,98.0
9th Norfolk District,0.0,0.0,33.0,59.0
12th Norfolk District,8.0,19.0,67.0,72.0
10th Middlesex District,0.0,0.0,35.0,35.0
14th Norfolk District,0.0,0.0,17.0,82.0
4th Barnstable District,0.0,0.0,0.0,138.0
10th Plymouth District,0.0,0.0,42.0,50.0
4th Hampden District,0.0,0.0,0.0,109.0
2nd Suffolk District,0.0,0.0,38.0,38.0
16th Suffolk District,0.0,0.0,57.0,57.0
6th Worcester District,0.0,0.0,18.0,43.0
10th Norfolk District,0.0,0.0,0.0,51.0
3rd Hampden District,0.0,0.0,4.0,35.0
2nd Hampden District,0.0,1.0,21.0,27.0
1st Hampshire District,0.0,0.0,0.0,112.0
1st Hampden District,0.0,4.0,70.0,114.0
8th Middlesex District,2.0,22.0,90.0,105.0
15th Middlesex District,0.0,3.0,7.0,7.0
8th Essex District,0.0,0.0,45.0,45.0
4th Middlesex District,0.0,1.0,86.0,92.0
13th Middlesex District,0.0,0.0,63.0,63.0
11th Norfolk District,1.0,7.0,138.0,138.0
7th Plymouth District,0.0,0.0,9.0,32.0
14th Worcester District,1.0,16.0,223.0,251.0
13th Worcester District,0.0,11.0,35.0,35.0
15th Worcester District,8.0,8.0,10.0,10.0
17th Worcester District,0.0,0.0,4.0,5.0
16th Worcester District,0.0,1.0,31.0,31.0
23rd Middlesex District,0.0,1.0,33.0,33.0
24th Middlesex District,11.0,30.0,118.0,118.0
2nd Bristol District,0.0,1.0,48.0,48.0
1st Middlesex District,1.0,2.0,89.0,139.0
1st Barnstable District,0.0,0.0,0.0,111.0
13th Norfolk District,0.0,0.0,84.0,94.0
3rd Barnstable District,0.0,2.0,81.0,159.0
2nd Plymouth District,0.0,0.0,48.0,193.0
12th Bristol District,0.0,0.0,43.0,124.0
13th Essex District,0.0,0.0,68.0,93.0
11th Worcester District,0.0,0.0,83.0,92.0
19th Middlesex District,1.0,6.0,31.0,31.0
18th Essex District,1.0,1.0,72.0,73.0
4th Norfolk District,0.0,0.0,18.0,32.0
3rd Norfolk District,0.0,7.0,44.0,44.0
11th Bristol District,0.0,0.0,126.0,126.0
4th Plymouth District,0.0,0.0,5.0,21.0
3rd Plymouth District,0.0,0.0,4.0,65.0
11th Hampden District,10.0,50.0,60.0,60.0
10th Hampden District,16.0,72.0,126.0,126.0
37th Middlesex District,0.0,0.0,75.0,88.0
14th Middlesex District,2.0,7.0,51.0,51.0
2nd Worcester District,4.0,10.0,97.0,169.0
2nd Franklin District,0.0,0.0,4.0,388.0
7th Worcester District,0.0,0.0,49.0,129.0
5th Worcester District,0.0,0.0,4.0,392.0
4th Berkshire District,0.0,0.0,0.0,24.0
7th Hampden District,6.0,14.0,70.0,95.0
12th Worcester District,0.0,0.0,48.0,218.0
2nd Berkshire District,10.0,23.0,50.0,180.0
8th Worcester District,0.0,0.0,35.0,80.0
2nd Middlesex District,0.0,2.0,55.0,93.0
17th Middlesex District,0.0,0.0,191.0,191.0
16th Middlesex District,14.0,53.0,108.0,108.0
6th Hampden District,0.0,0.0,20.0,21.0
8th Hampden District,0.0,0.0,22.0,34.0
9th Hampden District,0.0,2.0,33.0,33.0
9th Bristol District,0.0,1.0,151.0,154.0
18th Worcester District,0.0,0.0,47.0,235.0
5th Essex District,0.0,0.0,0.0,48.0
6th Bristol District,0.0,6.0,58.0,61.0
8th Bristol District,0.0,0.0,88.0,153.0
9th Worcester District,3.0,12.0,76.0,115.0
2nd Hampshire District,0.0,0.0,27.0,130.0
3rd Hampshire District,0.0,0.0,0.0,166.0
4th Essex District,0.0,3.0,70.0,155.0
1st Berkshire District,0.0,0.0,0.0,14.0
9th Middlesex District,0.0,0.0,39.0,39.0
14th Bristol District,0.0,0.0,60.0,92.0
1st Bristol District,5.0,7.0,93.0,120.0
